"","id_user","age","gender","Openness","Conscientiousness","Extroversion","Agreeableness","Neuroticism"
"1",41064,45,2,25,23,22,27,11
"2",42051,58,2,24,20,26,24,20
"3",42073,54,2,25,19,21,23,24
"4",42173,47,1,24,17,21,22,24
"5",42276,47,1,24,18,18,22,23
"6",42320,61,2,18,21,19,25,17
"7",42345,66,1,23,19,22,24,17
"8",42352,56,2,20,28,19,21,15
"9",42417,53,2,23,22,19,25,31
"10",42479,45,1,23,22,17,25,15
"11",42489,69,1,20,25,24,20,26
"12",42518,54,2,21,21,8,14,11
"13",42525,58,1,20,21,19,25,23
"14",42547,43,2,27,25,18,24,12
"15",42648,65,2,28,16,27,21,14
"16",42732,57,1,23,25,23,25,21
"17",43275,68,2,24,23,19,22,27
"18",43422,51,2,26,19,25,17,21
"19",43583,55,1,23,25,19,18,21
"20",43605,52,2,23,24,17,22,11
"21",43627,48,2,24,25,17,25,18
"22",43671,64,2,25,24,20,23,17
"23",43678,64,2,24,21,19,22,15
"24",43730,56,1,26,25,19,23,11
"25",43785,49,2,22,19,20,22,19
"26",43852,49,1,26,20,23,23,13
"27",44003,56,2,28,21,23,20,21
"28",44010,62,2,27,19,18,23,23
"29",44574,60,1,22,24,21,18,17
"30",44626,49,1,26,19,22,25,10
"31",44633,59,2,22,24,21,27,13
"32",44688,54,1,23,23,19,24,20
"33",45274,54,1,27,20,26,27,24
"34",45774,47,2,16,25,22,22,25
"35",45803,60,2,24,22,22,22,21
"36",45860,56,1,23,21,21,22,14
"37",45904,45,1,26,20,18,21,27
"38",45940,55,2,15,26,17,27,17
"39",45947,53,2,23,19,19,21,18
"40",46006,63,2,23,25,20,24,14
"41",46013,46,2,26,20,20,22,27
"42",46042,54,1,25,19,20,23,22
"43",46071,57,1,24,20,19,21,27
"44",46130,55,2,17,24,14,21,14
"45",46181,45,2,29,24,20,22,19
"46",46334,64,1,20,25,21,18,22
"47",46341,61,2,28,23,23,24,20
"48",46421,61,2,20,19,20,18,24
"49",46456,68,2,28,24,13,22,32
"50",46463,55,1,25,21,15,23,15
"51",46485,52,1,19,19,20,20,14
"52",46506,58,2,23,23,18,23,19
"53",46543,66,2,19,23,25,24,14
"54",46557,51,2,18,23,18,19,13
"55",46564,55,1,27,21,23,23,21
"56",46578,51,1,21,21,20,21,18
"57",46600,56,2,23,20,21,21,18
"58",46644,56,1,26,22,18,23,15
"59",46702,45,2,26,20,16,24,18
"60",46709,45,2,25,20,22,18,21
"61",46731,48,1,19,16,19,19,19
"62",46808,62,2,20,26,20,23,18
"63",46943,53,2,21,20,20,24,17
"64",46957,61,2,20,24,21,18,22
"65",46971,48,1,21,18,19,20,27
"66",47044,55,2,22,31,20,18,26
"67",47103,55,2,21,20,23,22,18
"68",47128,64,1,26,26,24,22,10
"69",47160,61,1,26,21,22,21,13
"70",47167,52,2,23,22,20,22,26
"71",47203,56,2,23,19,16,15,20
"72",47272,46,2,24,22,17,23,6
"73",47301,59,2,22,24,21,24,12
"74",47359,63,2,20,25,18,24,20
"75",47366,47,2,27,21,22,22,23
"76",47391,45,1,23,25,18,20,11
"77",47427,56,1,27,23,19,22,15
"78",47489,62,2,23,16,19,26,14
"79",47496,52,2,24,21,21,22,12
"80",47521,54,1,24,18,21,23,23
"81",47528,49,1,23,21,23,20,21
"82",47567,59,1,22,15,20,25,10
"83",47707,64,1,18,16,18,21,18
"84",47728,54,2,18,19,18,23,19
"85",47735,67,1,28,18,14,21,25
"86",47742,46,2,18,18,21,24,33
"87",47763,46,2,28,21,21,24,12
"88",47881,47,2,23,25,20,24,16
"89",47905,57,2,23,20,25,21,17
"90",47927,63,1,28,25,26,22,32
"91",47949,54,1,22,23,21,21,22
"92",48000,52,2,23,20,25,19,8
"93",48014,47,2,25,24,22,25,23
"94",48021,48,1,23,22,22,22,21
"95",48028,54,2,22,22,20,20,22
"96",48140,59,1,16,25,22,22,17
"97",48223,53,2,24,19,20,17,23
"98",48230,41,1,25,18,20,27,11
"99",48252,62,2,24,19,21,26,21
"100",48289,59,1,24,24,21,24,11
"101",48296,49,2,21,21,23,23,21
"102",48346,54,1,28,21,20,20,16
"103",48378,54,2,21,21,25,22,15
"104",48400,58,2,21,29,20,21,11
"105",48473,67,1,25,24,26,21,15
"106",48480,59,1,9,27,18,27,15
"107",48520,47,2,24,20,20,24,22
"108",48556,53,1,26,26,23,24,9
"109",48608,44,2,24,22,21,16,13
"110",48621,49,1,22,23,19,29,19
"111",48671,44,2,20,29,19,18,12
"112",48678,60,2,21,25,20,23,13
"113",48787,49,2,26,24,24,21,8
"114",48794,64,2,22,21,26,23,31
"115",48816,60,2,28,21,22,23,14
"116",48823,59,2,23,23,20,22,15
"117",48881,47,2,24,24,21,23,14
"118",48903,51,1,24,23,20,20,17
"119",48910,61,1,26,21,21,24,12
"120",48946,56,1,25,24,23,23,15
"121",48960,57,2,24,22,19,22,27
"122",48967,44,2,25,18,19,21,13
"123",49033,54,2,24,23,16,26,14
"124",49077,44,2,18,25,19,17,16
"125",49084,58,2,25,18,15,19,13
"126",49128,44,2,20,24,11,26,22
"127",49209,64,2,29,24,24,23,17
"128",49216,50,2,23,19,23,25,30
"129",49285,56,2,27,17,20,22,13
"130",49307,47,1,24,20,21,23,15
"131",49336,63,2,24,18,22,24,8
"132",49358,50,2,28,17,15,24,9
"133",49368,55,2,24,26,21,23,11
"134",49390,60,1,22,23,21,23,25
"135",49442,61,2,25,18,20,23,15
"136",49449,45,2,23,17,16,24,20
"137",49541,48,2,24,17,22,23,25
"138",49570,43,1,20,18,16,17,20
"139",49614,62,2,21,19,17,18,13
"140",49621,53,1,22,24,19,17,22
"141",49657,48,1,26,26,20,18,17
"142",49738,53,2,19,16,15,23,22
"143",49745,59,2,27,22,24,23,18
"144",49752,49,2,20,24,19,21,13
"145",49774,58,2,27,22,24,19,12
"146",49847,44,2,23,24,22,23,23
"147",49854,55,1,27,26,24,21,21
"148",49936,63,1,25,24,23,25,11
"149",49950,60,1,22,22,19,18,12
"150",50000,60,2,29,23,17,25,7
"151",50022,61,2,24,22,28,24,12
"152",50029,47,2,24,25,20,24,8
"153",50058,45,2,28,24,19,28,23
"154",50072,44,2,21,29,18,25,22
"155",50086,67,2,23,24,22,25,21
"156",50093,60,2,25,23,17,25,23
"157",50166,55,1,29,17,19,21,23
"158",50297,65,2,27,25,20,26,12
"159",50348,43,2,25,21,17,21,19
"160",50377,54,2,25,24,12,23,20
"161",50458,51,2,20,19,19,21,21
"162",50465,43,2,25,19,22,22,15
"163",50542,68,2,21,28,23,24,12
"164",50549,61,2,19,28,18,25,22
"165",50623,53,1,26,21,14,24,15
"166",50630,55,1,23,19,23,23,25
"167",50652,59,1,28,20,20,22,12
"168",50713,48,1,22,21,22,18,23
"169",50775,62,2,25,27,29,24,12
"170",50841,46,2,20,24,21,23,14
"171",50863,63,1,19,20,19,20,22
"172",50967,56,2,26,23,20,21,12
"173",51040,62,1,27,29,19,23,9
"174",51099,50,2,23,22,21,18,13
"175",51164,54,2,25,23,24,21,20
"176",51166,44,1,22,25,21,25,14
"177",51237,63,2,20,23,21,18,21
"178",51281,50,1,24,21,17,23,18
"179",51350,56,1,25,23,23,20,18
"180",51426,54,2,28,22,17,23,14
"181",51491,49,2,20,23,19,24,14
"182",51513,47,2,26,23,17,21,21
"183",51567,41,2,24,22,20,24,17
"184",51640,45,2,27,27,14,21,15
"185",51662,59,2,21,20,20,24,20
"186",51684,60,2,21,24,28,22,30
"187",51706,43,2,24,22,24,24,15
"188",51742,45,1,30,26,17,25,22
"189",51841,46,1,25,19,20,21,9
"190",52011,59,2,28,10,17,24,30
"191",52018,47,1,25,27,16,26,16
"192",52223,44,1,28,20,19,24,25
"193",52255,48,2,22,21,25,21,15
"194",52277,55,2,26,17,19,24,15
"195",52284,58,2,27,22,23,17,20
"196",52328,58,2,22,19,20,27,19
"197",52350,53,2,25,16,20,31,12
"198",52401,48,1,27,20,18,25,19
"199",52474,52,2,25,18,27,24,27
"200",52481,57,2,28,19,15,17,16
"201",52557,48,2,15,19,19,22,25
"202",52564,49,1,24,25,18,22,7
"203",52578,47,2,27,21,24,25,8
"204",52585,48,2,19,26,14,20,16
"205",52635,50,2,27,22,16,23,23
"206",52671,54,2,25,22,21,26,30
"207",52730,57,1,19,21,19,22,16
"208",52744,60,1,31,24,20,21,19
"209",52751,57,1,24,20,24,22,17
"210",52758,63,1,21,21,15,20,16
"211",52809,64,2,28,29,19,25,21
"212",52845,56,1,18,14,18,11,31
"213",52882,57,2,20,25,20,25,17
"214",52999,59,2,16,20,22,22,15
"215",53028,53,1,25,22,19,23,20
"216",53078,59,2,27,25,21,24,12
"217",53107,44,2,24,22,21,23,16
"218",53114,59,1,17,24,17,25,21
"219",53166,55,2,23,22,18,21,17
"220",53188,46,2,20,22,20,20,17
"221",53195,46,2,21,23,22,24,13
"222",53319,64,2,20,22,18,23,16
"223",53393,55,2,23,23,20,22,9
"224",53429,54,1,27,17,16,21,14
"225",53594,59,1,28,20,22,24,8
"226",53699,51,2,27,21,21,21,16
"227",53709,51,2,23,24,15,25,9
"228",53723,43,1,22,24,25,22,21
"229",53810,52,1,26,22,21,19,22
"230",53906,47,1,24,27,20,22,18
"231",53978,46,2,19,17,19,17,21
"232",54037,58,2,25,21,21,23,17
"233",54148,49,1,21,20,21,20,22
"234",54184,53,2,24,28,22,24,22
"235",54239,61,1,27,22,16,19,24
"236",54282,59,1,19,24,20,22,13
"237",54289,51,1,23,22,18,16,19
"238",54370,59,2,18,27,16,17,14
"239",54413,58,2,23,22,21,24,17
"240",54448,63,1,26,15,20,24,19
"241",54491,57,2,29,25,17,23,26
"242",54505,54,2,23,22,19,22,10
"243",54512,43,1,23,24,21,25,11
"244",54537,48,1,26,29,20,23,23
"245",54586,55,2,27,22,20,21,24
"246",54593,63,2,24,19,19,26,12
"247",54614,57,2,23,17,23,22,17
"248",54621,64,1,25,24,20,23,17
"249",54628,50,2,26,21,20,18,15
"250",54777,49,1,20,23,21,20,20
"251",54791,52,1,20,18,19,17,12
"252",54798,61,1,18,21,21,22,11
"253",54826,66,1,24,25,23,25,10
"254",54828,53,1,21,23,20,23,21
"255",54840,43,1,22,21,20,24,11
"256",54854,63,2,23,21,18,23,12
"257",54861,65,2,19,23,21,23,20
"258",54890,56,2,18,19,22,26,20
"259",54897,59,2,21,19,25,20,24
"260",54919,58,2,18,22,22,19,24
"261",54926,64,2,26,23,22,21,9
"262",55005,58,2,24,20,22,23,11
"263",55026,53,1,23,20,19,19,15
"264",55106,59,1,25,22,18,18,24
"265",55111,48,2,21,20,21,22,30
"266",55150,59,2,26,27,23,26,29
"267",55179,46,2,26,19,16,24,23
"268",55193,57,2,21,17,18,21,14
"269",55214,60,1,25,21,20,20,20
"270",55243,66,2,20,16,17,26,8
"271",55257,52,2,22,18,22,22,21
"272",55360,54,1,18,22,15,20,20
"273",55382,58,2,18,26,21,18,17
"274",55404,46,2,21,22,17,22,16
"275",55411,63,2,27,16,24,22,24
"276",55447,63,2,21,24,16,27,19
"277",55468,50,2,24,21,22,21,14
"278",55491,48,1,16,21,18,21,16
"279",55535,66,2,23,24,23,21,21
"280",55542,50,2,22,23,24,21,24
"281",55616,55,2,24,21,25,23,12
"282",55652,46,2,22,25,20,19,12
"283",55743,54,2,23,28,19,24,20
"284",55750,55,2,20,31,21,21,20
"285",55772,67,1,28,23,23,21,21
"286",55853,65,1,22,24,18,21,18
"287",55889,60,2,27,20,24,24,13
"288",55911,51,1,29,22,19,24,19
"289",55918,57,1,29,21,24,25,8
"290",56022,57,2,18,22,18,18,25
"291",56035,49,1,22,20,25,25,10
"292",56097,62,1,23,18,26,22,9
"293",56104,61,2,24,23,20,20,7
"294",56163,61,2,21,19,19,26,12
"295",56207,46,2,17,17,22,20,22
"296",56273,67,2,16,11,20,19,29
"297",56324,56,2,25,20,22,21,18
"298",56326,56,1,29,24,20,24,19
"299",56345,55,2,30,24,24,24,20
"300",56352,57,2,21,22,22,22,22
"301",56391,48,1,22,16,18,24,17
"302",56605,59,1,24,19,20,20,16
"303",56641,56,1,25,24,25,22,16
"304",56663,52,1,18,21,22,21,17
"305",56789,51,1,22,16,15,22,21
"306",56796,48,1,20,23,19,25,15
"307",56847,69,2,25,19,20,25,18
"308",57003,43,2,33,22,18,25,27
"309",57028,55,2,23,20,20,20,26
"310",57084,55,2,24,17,19,23,12
"311",57113,65,2,21,21,28,26,11
"312",57173,57,2,19,24,17,22,19
"313",57209,57,2,26,24,21,21,28
"314",57253,59,2,25,26,20,24,21
"315",57364,45,1,27,22,22,22,11
"316",57371,54,2,19,17,19,25,13
"317",57467,46,2,16,17,19,20,23
"318",57474,56,1,24,17,18,23,14
"319",57503,61,1,26,22,20,17,21
"320",57533,46,2,23,21,19,22,18
"321",57606,64,2,24,20,21,23,13
"322",57657,51,1,27,18,17,22,11
"323",57739,46,1,17,21,20,21,19
"324",57776,54,1,24,28,19,25,14
"325",57783,55,1,23,15,17,18,16
"326",57834,50,2,26,17,21,25,19
"327",57908,62,2,25,18,17,21,14
"328",57915,48,2,26,25,18,22,15
"329",58079,55,2,24,20,19,24,22
"330",58101,46,2,24,23,16,21,9
"331",58108,59,1,24,25,18,25,13
"332",58160,45,1,25,24,17,21,16
"333",58167,57,2,24,25,23,21,14
"334",58270,63,2,19,19,25,19,21
"335",58277,47,2,28,24,24,24,33
"336",58299,49,2,24,21,16,25,11
"337",58321,64,1,22,16,22,24,17
"338",58335,58,1,24,23,18,25,15
"339",58386,57,2,22,16,22,19,9
"340",58408,46,1,23,23,17,20,11
"341",58511,63,2,21,22,23,22,12
"342",58598,47,1,20,19,21,23,11
"343",58612,49,2,25,21,22,23,24
"344",58626,69,1,15,24,10,23,20
"345",58718,47,2,22,22,25,22,15
"346",58725,48,2,13,24,19,21,17
"347",58732,44,2,20,21,20,24,19
"348",58746,57,2,23,24,24,24,14
"349",58918,57,1,21,21,24,18,8
"350",58948,57,2,12,19,16,16,28
"351",58955,46,2,22,23,19,24,27
"352",58962,57,2,18,21,23,26,19
"353",58969,51,2,26,28,22,25,24
"354",59045,61,2,24,30,18,21,22
"355",59067,45,1,25,19,19,17,21
"356",59133,51,2,21,20,22,26,15
"357",59170,49,2,27,19,19,22,20
"358",59177,53,2,21,25,22,21,14
"359",59229,55,1,26,21,17,22,8
"360",59266,55,2,22,23,21,23,12
"361",59288,62,2,19,18,17,16,9
"362",59295,67,1,19,21,22,20,7
"363",59324,44,2,20,24,19,25,24
"364",59331,50,2,22,30,21,25,24
"365",59333,57,2,26,19,22,21,19
"366",59402,54,1,25,22,23,24,20
"367",59409,67,1,19,23,15,22,23
"368",59461,47,2,19,22,15,25,19
"369",59587,47,1,20,19,20,16,18
"370",59594,47,2,29,27,24,20,28
"371",59679,53,2,23,20,21,22,17
"372",59700,66,1,17,20,22,24,24
"373",59738,44,2,22,16,19,19,26
"374",59835,56,1,20,11,20,14,21
"375",60029,52,2,25,26,22,22,19
"376",60088,56,2,15,27,22,20,17
"377",60118,64,1,23,20,21,23,19
"378",60145,58,1,18,30,17,24,21
"379",60189,49,1,23,19,13,22,14
"380",60226,50,1,23,16,19,25,15
"381",60292,47,2,27,21,25,26,22
"382",60343,51,2,23,23,19,25,23
"383",60408,54,1,23,20,22,17,16
"384",60446,47,2,20,22,19,23,19
"385",60475,50,1,21,20,13,18,22
"386",60503,48,1,16,26,17,21,16
"387",60525,48,1,22,19,23,23,14
"388",60584,55,2,23,22,20,24,16
"389",60606,44,2,26,19,22,22,20
"390",60787,59,2,22,24,20,22,15
"391",60809,52,2,22,22,22,20,15
"392",60875,54,2,23,23,17,26,9
"393",60882,56,2,18,19,25,22,20
"394",60889,63,1,16,21,19,20,16
"395",60984,55,1,23,23,23,20,22
"396",60991,58,2,25,15,19,24,14
"397",61013,62,1,25,22,20,23,21
"398",61056,55,2,22,25,18,22,14
"399",61130,45,2,21,19,21,21,23
"400",61159,55,2,24,22,19,24,14
"401",61180,58,2,25,25,21,26,16
"402",61223,69,1,18,23,21,21,20
"403",61230,61,2,23,22,20,24,17
"404",61252,52,2,24,20,22,22,14
"405",61296,62,2,26,21,18,22,11
"406",61362,56,1,19,16,22,20,22
"407",61383,47,2,17,16,22,20,24
"408",61456,44,1,21,21,16,20,15
"409",61485,59,2,28,25,24,27,26
"410",61521,43,2,24,24,19,19,25
"411",61528,59,2,20,14,22,24,18
"412",61550,65,1,25,20,19,23,13
"413",61557,45,2,24,27,21,25,9
"414",61601,54,2,20,24,16,17,17
"415",61645,59,2,23,22,28,22,20
"416",61682,64,1,21,24,18,21,19
"417",61741,55,2,25,24,21,22,19
"418",61748,50,2,23,24,20,22,13
"419",61756,55,2,24,19,21,22,22
"420",61763,43,1,22,18,21,22,10
"421",61785,57,2,20,17,19,17,10
"422",61836,61,2,24,18,20,26,7
"423",61850,45,2,19,21,20,20,16
"424",61931,52,2,25,25,23,25,16
"425",61968,63,1,22,17,18,20,15
"426",61975,58,1,24,19,15,21,12
"427",61997,45,1,28,24,19,27,20
"428",62064,44,2,30,23,22,27,19
"429",62176,44,2,22,20,19,21,15
"430",62231,55,2,17,26,18,25,22
"431",62297,62,2,22,23,19,19,11
"432",62304,53,2,25,22,17,25,11
"433",62333,65,1,25,19,19,21,20
"434",62460,62,1,21,22,18,21,17
"435",62511,43,1,19,18,19,21,14
"436",62525,50,1,19,19,19,23,24
"437",62554,47,2,28,20,20,25,16
"438",62576,65,2,19,27,25,24,16
"439",62627,45,1,25,23,20,21,24
"440",62689,44,2,26,24,17,21,19
"441",62699,61,2,16,20,18,21,10
"442",62713,61,2,25,26,23,22,23
"443",62720,61,2,24,25,22,26,11
"444",62734,58,2,12,15,22,23,17
"445",62799,62,2,26,24,19,23,18
"446",62901,60,2,26,27,20,23,21
"447",63025,51,2,25,21,20,24,18
"448",63078,45,1,21,22,22,21,20
"449",63100,67,2,21,23,20,24,17
"450",63107,58,1,19,20,16,19,17
"451",63151,48,2,24,26,22,25,23
"452",63173,55,1,23,13,17,25,8
"453",63180,44,1,19,20,18,19,20
"454",63298,56,2,22,29,24,26,17
"455",63323,58,2,24,16,21,20,20
"456",63359,49,2,18,23,20,19,20
"457",63403,58,1,28,21,20,21,13
"458",63532,53,2,18,17,25,20,27
"459",63591,56,1,26,23,24,21,11
"460",63676,47,2,27,23,18,24,10
"461",63690,54,2,17,17,22,20,19
"462",63766,51,2,27,22,18,24,16
"463",63819,46,1,26,24,22,23,25
"464",63856,56,2,20,24,23,21,24
"465",63915,68,1,26,20,23,19,19
"466",63922,44,1,27,23,20,23,13
"467",63944,55,2,31,19,17,23,20
"468",63973,44,1,27,22,21,24,12
"469",63995,64,2,17,24,22,19,26
"470",64002,47,2,19,23,18,20,22
"471",64117,51,2,22,19,19,22,15
"472",64127,62,2,28,23,21,22,13
"473",64241,55,2,22,21,27,22,24
"474",64339,64,2,19,13,17,24,14
"475",64346,47,1,18,20,22,21,25
"476",64485,53,2,22,24,22,23,13
"477",64514,53,2,25,20,16,22,18
"478",64528,63,1,24,26,20,24,22
"479",64557,63,1,27,23,21,22,14
"480",64579,53,1,27,22,15,24,14
"481",64685,51,2,23,27,26,19,22
"482",64743,60,2,21,16,15,21,29
"483",64805,48,2,23,22,19,22,15
"484",64819,48,2,28,27,19,18,17
"485",64993,61,2,22,20,16,22,27
"486",65066,52,2,24,19,22,26,20
"487",65073,62,2,23,21,15,18,22
"488",65168,66,2,24,20,22,22,31
"489",65175,68,2,24,22,23,23,16
"490",65215,63,2,13,25,18,24,19
"491",65267,48,2,22,21,23,23,25
"492",65333,49,2,23,24,20,22,9
"493",65369,47,1,23,24,22,23,22
"494",65397,48,1,19,15,20,23,15
"495",65434,55,2,27,21,18,24,21
"496",65559,63,1,19,25,14,19,18
"497",65639,56,1,27,19,24,24,16
"498",65713,67,2,16,25,19,22,28
"499",65735,67,2,22,16,17,21,16
"500",65757,66,2,16,23,20,20,25
"501",65823,60,2,22,27,19,26,27
"502",65881,43,2,27,23,24,22,17
"503",65925,57,2,22,22,20,20,20
"504",66049,61,2,18,22,25,18,18
"505",66071,48,2,25,23,17,20,25
"506",66122,66,2,21,19,13,21,17
"507",66149,53,2,24,19,19,19,15
"508",66156,45,2,23,26,17,25,11
"509",66163,67,2,18,16,24,21,22
"510",66298,50,1,28,22,19,20,9
"511",66357,61,1,22,28,18,19,9
"512",66393,50,2,22,15,20,20,12
"513",66407,56,2,22,20,21,23,12
"514",66473,59,1,23,27,20,20,15
"515",66555,66,1,24,22,18,21,15
"516",66562,58,1,20,22,16,25,16
"517",66605,59,2,24,23,18,23,13
"518",66761,60,1,24,27,19,19,12
"519",66775,57,2,19,15,25,20,14
"520",66789,52,2,19,23,22,22,21
"521",66826,61,2,23,17,21,19,22
"522",67000,56,1,17,24,25,25,13
"523",67059,51,1,18,19,16,17,18
"524",67081,49,1,18,24,21,22,18
"525",67162,47,1,20,17,17,23,24
"526",67184,49,2,9,31,17,17,14
"527",67235,68,2,23,24,20,25,19
"528",67287,45,1,27,22,21,26,25
"529",67376,54,1,25,24,18,25,30
"530",67477,56,2,17,21,14,22,16
"531",67484,59,1,22,28,27,21,15
"532",67499,46,2,24,21,25,21,26
"533",67576,50,1,24,24,18,22,16
"534",67615,49,2,29,25,20,23,15
"535",67637,61,1,27,23,24,21,12
"536",67715,62,1,16,26,18,24,10
"537",67806,53,2,21,20,21,20,23
"538",67846,48,2,17,19,21,24,20
"539",67919,53,2,35,20,21,20,14
"540",67926,55,2,21,25,20,19,19
"541",67933,45,2,22,22,21,21,20
"542",67965,47,1,24,26,18,16,15
"543",68162,55,1,24,21,23,20,21
"544",68280,54,2,24,24,23,24,27
"545",68294,45,2,24,19,24,22,16
"546",68353,47,2,24,25,23,21,23
"547",68512,66,2,25,25,23,24,19
"548",68571,67,2,24,25,21,24,22
"549",68593,48,2,25,21,18,20,12
"550",68600,63,1,17,22,14,23,21
"551",68637,52,2,27,24,26,27,9
"552",68740,51,2,25,24,20,23,28
"553",68762,57,2,19,26,20,28,23
"554",68835,45,1,23,16,22,23,25
"555",68864,69,2,19,24,20,20,20
"556",68871,47,2,15,26,17,26,16
"557",68948,57,2,16,16,17,18,16
"558",68985,56,1,24,27,23,23,18
"559",68992,51,2,23,22,21,24,16
"560",68999,55,2,20,24,19,23,27
"561",69109,59,2,19,21,20,18,12
"562",69235,51,2,26,23,26,21,23
"563",69278,55,1,22,28,22,22,14
"564",69307,60,1,23,25,20,24,20
"565",69332,54,2,23,18,20,23,24
"566",69339,61,1,21,18,16,19,19
"567",69389,44,1,26,23,15,12,23
"568",69641,60,2,25,25,14,26,17
"569",69801,66,2,11,19,10,26,16
"570",70104,51,2,22,23,20,18,14
"571",70111,54,1,22,19,20,23,17
"572",70118,60,2,24,21,16,19,21
"573",70808,63,1,23,20,21,25,22
"574",70822,48,2,21,21,23,19,24
"575",70844,68,2,23,20,21,28,18
"576",71037,63,2,23,23,20,21,18
"577",71095,56,2,25,22,17,23,18
"578",71154,53,2,22,25,17,24,19
"579",71161,51,2,21,19,22,24,16
"580",71171,45,1,24,23,22,20,25
"581",71214,44,2,22,24,20,21,17
"582",71236,53,2,29,26,26,22,7
"583",71251,60,2,21,26,24,25,21
"584",71280,67,2,19,28,22,25,26
"585",71311,57,2,19,19,16,20,23
"586",71333,66,1,20,24,19,24,23
"587",71385,58,1,15,18,19,24,27
"588",71392,65,2,14,26,20,27,11
"589",71579,68,2,27,23,23,19,16
"590",71586,63,2,19,18,18,22,14
"591",71600,50,2,22,22,21,24,17
"592",71688,59,2,23,26,29,24,6
"593",71850,53,1,24,19,27,23,27
"594",71872,57,2,25,27,20,27,12
"595",71894,54,2,20,21,21,21,20
"596",71945,44,1,21,25,22,24,28
"597",71980,44,1,21,22,20,21,16
"598",72091,47,2,21,21,14,22,20
"599",72150,58,2,21,22,21,17,14
"600",72282,43,2,22,27,22,24,17
"601",72289,47,2,15,12,22,21,22
"602",72296,48,2,19,23,19,24,17
"603",72303,54,1,28,22,20,21,8
"604",72317,46,2,20,28,24,25,19
"605",72339,46,1,23,18,23,21,28
"606",72420,43,2,24,23,20,24,25
"607",72487,56,2,29,17,22,23,25
"608",72676,46,1,26,24,19,20,16
"609",72705,54,2,28,22,22,25,17
"610",72954,50,2,17,20,21,20,18
"611",72975,54,2,18,20,21,20,23
"612",72997,67,2,25,25,14,24,11
"613",73034,53,2,23,20,15,23,30
"614",73100,55,2,22,30,13,16,11
"615",73122,58,2,27,17,16,23,30
"616",73159,56,2,17,20,17,25,22
"617",73166,63,1,27,22,27,24,14
"618",73191,51,2,19,19,16,24,24
"619",73228,61,2,27,23,23,19,12
"620",73250,54,1,23,22,21,22,23
"621",73257,51,1,21,21,18,22,23
"622",73380,59,2,23,29,22,23,10
"623",73417,52,2,30,23,15,21,19
"624",73424,46,2,25,18,22,18,26
"625",73508,48,2,26,23,23,21,18
"626",73685,56,2,15,26,19,22,23
"627",73692,57,2,22,20,22,21,21
"628",73699,65,2,20,15,15,21,16
"629",73744,52,1,27,24,20,23,15
"630",73751,63,2,23,26,22,21,16
"631",73787,52,2,19,19,20,24,15
"632",73801,53,2,27,21,19,26,12
"633",73808,62,2,23,27,22,22,11
"634",73875,56,2,22,25,18,23,27
"635",73896,57,1,24,19,24,22,16
"636",74007,43,1,24,18,18,25,18
"637",74014,48,2,20,21,21,22,25
"638",74095,66,1,21,24,19,21,14
"639",74147,54,2,27,20,22,23,13
"640",74191,46,2,20,23,17,23,11
"641",74213,65,2,22,23,22,21,11
"642",74257,47,2,24,22,18,24,14
"643",74448,46,2,24,26,17,29,11
"644",74455,62,1,23,25,22,25,9
"645",74506,65,1,26,25,22,23,19
"646",74520,64,1,23,22,21,24,21
"647",74557,54,2,25,23,24,21,21
"648",74579,52,2,19,20,20,20,21
"649",74705,50,2,15,18,21,20,20
"650",74726,48,1,20,21,25,22,10
"651",74784,52,1,17,17,20,23,15
"652",74798,47,2,25,20,19,23,15
"653",74805,47,2,14,24,17,18,20
"654",74830,48,2,25,30,18,21,21
"655",74895,45,2,20,17,19,19,19
"656",75013,59,2,21,25,17,21,16
"657",75020,49,2,24,13,27,23,10
"658",75130,49,1,20,21,19,20,26
"659",75159,48,2,24,17,22,23,24
"660",75210,53,2,22,20,16,23,14
"661",75319,48,2,21,19,24,22,13
"662",75393,46,2,22,21,18,22,15
"663",75431,43,2,22,21,19,26,21
"664",75504,55,2,20,22,16,17,18
"665",75594,67,1,27,23,20,20,12
"666",75601,45,2,22,22,19,25,26
"667",75608,50,2,30,23,17,23,17
"668",75615,43,1,22,24,22,23,10
"669",75622,57,2,18,24,23,25,12
"670",75761,62,2,19,21,22,17,19
"671",76209,47,2,19,29,23,26,21
"672",76315,44,2,20,24,18,26,17
"673",76329,54,2,22,20,20,22,14
"674",76381,58,1,14,17,21,19,16
"675",76425,66,2,20,24,22,27,22
"676",76465,66,2,15,17,12,19,22
"677",76494,64,1,28,19,17,24,16
"678",76516,45,1,25,20,22,21,23
"679",76530,63,2,25,23,21,19,9
"680",76537,66,2,24,16,20,24,11
"681",76574,43,1,20,24,25,21,20
"682",76647,53,2,24,22,18,22,18
"683",76743,55,2,21,23,23,21,21
"684",76914,59,1,19,18,20,25,17
"685",76921,48,2,24,24,24,28,31
"686",77019,63,2,28,15,21,26,17
"687",77123,60,2,19,18,20,22,25
"688",77130,56,2,14,16,17,21,17
"689",77225,50,2,28,22,21,20,13
"690",77269,62,1,28,24,22,20,10
"691",77313,43,2,14,21,15,19,11
"692",77402,59,2,21,21,15,23,11
"693",77409,53,2,19,19,19,16,20
"694",77578,64,1,21,19,20,24,18
"695",77725,55,2,29,22,17,24,10
"696",77806,55,2,16,23,18,22,25
"697",77813,63,1,29,21,17,23,20
"698",77820,56,2,22,23,20,25,18
"699",77827,55,1,24,24,18,18,14
"700",77834,65,1,28,19,18,21,5
"701",77871,52,2,19,20,17,20,24
"702",77892,62,2,25,21,24,20,25
"703",77980,62,2,22,9,20,21,32
"704",78032,51,2,27,25,23,21,15
"705",78091,52,1,25,19,18,20,15
"706",78151,45,1,21,22,21,25,20
"707",78239,47,2,22,23,20,22,17
"708",78331,55,2,19,25,20,20,25
"709",78345,45,2,26,21,19,24,26
"710",78426,44,2,24,24,20,23,22
"711",78433,44,2,21,20,19,21,19
"712",78506,52,2,24,22,22,22,19
"713",78543,51,1,23,21,25,18,26
"714",78565,60,2,20,23,19,25,17
"715",78572,44,2,28,20,21,25,20
"716",78608,55,2,20,27,20,26,25
"717",78615,66,1,17,23,24,23,13
"718",78637,45,2,17,24,22,24,21
"719",78651,45,2,17,22,17,20,20
"720",78769,48,2,23,17,21,21,13
"721",78857,61,1,26,20,19,23,19
"722",78871,51,2,22,15,16,22,11
"723",78878,48,1,23,21,23,22,15
"724",78899,45,2,20,21,24,25,22
"725",78921,49,1,26,23,19,24,31
"726",78935,59,2,19,24,18,24,16
"727",78979,56,2,21,15,21,22,19
"728",79030,53,2,17,24,19,22,15
"729",79037,45,1,27,23,21,22,15
"730",79044,54,2,27,23,19,20,19
"731",79111,53,1,25,27,22,23,16
"732",79118,62,2,19,14,20,23,24
"733",79162,52,2,21,23,25,23,23
"734",79191,62,2,22,28,20,23,12
"735",79287,55,2,24,18,18,20,24
"736",79309,46,2,24,14,16,15,16
"737",79316,44,2,25,20,24,19,17
"738",79374,45,2,23,25,18,20,8
"739",79396,59,1,26,21,20,22,14
"740",79594,46,2,15,24,20,27,15
"741",79741,51,2,20,22,18,23,14
"742",79748,57,2,20,24,17,18,13
"743",79799,60,2,20,21,23,23,19
"744",79850,59,2,27,23,19,23,15
"745",79902,49,2,23,20,22,19,22
"746",79924,49,1,20,16,19,23,14
"747",79976,68,1,25,21,19,20,24
"748",80035,62,2,20,26,18,17,18
"749",80079,54,2,24,19,21,20,16
"750",80116,60,1,19,20,21,22,10
"751",80130,52,2,17,17,20,20,15
"752",80181,61,2,18,23,16,24,12
"753",80255,56,2,23,18,19,23,30
"754",80321,56,2,24,21,21,23,11
"755",80335,47,2,27,19,24,24,14
"756",80424,66,1,22,26,16,18,18
"757",80474,54,2,23,24,17,21,15
"758",80525,46,2,20,23,24,24,16
"759",80539,54,2,28,18,25,24,19
"760",80560,60,2,23,24,19,21,11
"761",80619,64,1,16,15,20,20,7
"762",80677,51,2,22,23,20,19,19
"763",80736,59,2,21,18,15,20,23
"764",80743,47,2,15,22,18,22,20
"765",80817,65,2,25,12,21,24,19
"766",80883,55,2,19,23,24,25,18
"767",80897,44,2,22,17,20,20,20
"768",80994,59,2,21,24,22,26,15
"769",81001,67,2,22,22,26,20,11
"770",81008,55,1,20,19,20,15,14
"771",81186,66,2,26,25,20,20,16
"772",81215,50,2,25,17,19,22,22
"773",81288,47,1,28,17,19,22,21
"774",81436,44,2,24,20,21,23,12
"775",81502,56,2,23,22,16,23,22
"776",81524,46,2,22,25,21,20,22
"777",81561,56,1,26,23,29,27,27
"778",81568,50,2,26,21,16,22,19
"779",81627,55,1,28,23,20,21,14
"780",81641,54,2,23,22,20,24,15
"781",81820,54,2,21,22,18,24,25
"782",81827,56,2,27,21,20,24,18
"783",81834,52,2,22,20,20,22,24
"784",81856,43,2,21,25,19,23,24
"785",81900,46,1,25,20,20,19,12
"786",81966,44,2,21,26,25,24,9
"787",82025,44,1,30,20,24,19,10
"788",82126,63,2,26,23,16,24,21
"789",82169,45,2,20,17,17,19,24
"790",82280,47,2,22,32,20,23,17
"791",82317,51,2,20,19,24,22,11
"792",82607,51,2,22,23,14,25,11
"793",82842,44,1,22,15,15,20,27
"794",82864,47,2,20,18,21,23,27
"795",83063,51,1,26,24,24,22,19
"796",83211,49,1,15,27,16,21,19
"797",83336,51,2,22,22,21,18,18
"798",83350,49,2,22,25,20,21,24
"799",83447,48,1,25,19,21,21,19
"800",83454,54,2,24,23,17,24,11
"801",83505,43,2,24,20,19,21,15
"802",83512,47,1,22,24,19,18,11
"803",83743,55,2,22,30,27,27,19
"804",83750,68,2,20,23,21,23,20
"805",83764,61,2,23,25,21,26,18
"806",83771,56,1,22,20,20,26,17
"807",83940,62,1,24,21,22,23,22
"808",84006,53,2,21,22,16,25,21
"809",84117,44,1,22,19,22,21,18
"810",84141,44,2,24,24,13,24,7
"811",84243,57,2,20,20,20,25,17
"812",84250,66,2,27,25,23,24,13
"813",84257,65,1,22,23,24,22,20
"814",84301,48,1,21,27,18,25,9
"815",84382,65,2,28,22,15,25,21
"816",84419,60,1,17,26,23,25,9
"817",84463,64,2,23,23,20,21,10
"818",84529,46,2,23,26,21,20,19
"819",84677,65,2,23,20,17,21,21
"820",84744,49,2,26,22,27,25,18
"821",84766,44,2,25,24,23,24,11
"822",84773,46,2,24,22,21,18,27
"823",84876,43,1,27,24,19,23,9
"824",84912,63,1,27,25,14,24,14
"825",85733,63,2,25,20,20,21,23
"826",85776,52,2,26,26,23,27,21
"827",85989,51,2,24,23,28,25,24
"828",86143,55,1,23,25,18,25,9
"829",86150,46,2,26,21,22,23,16
"830",86212,43,2,13,21,17,25,15
"831",86525,47,1,26,22,19,20,12
"832",86639,47,2,24,26,20,21,20
"833",86712,60,2,25,23,25,22,11
"834",86925,66,2,15,22,18,24,20
"835",86947,50,1,23,25,20,21,24
"836",86954,65,2,16,18,13,19,21
"837",86991,45,1,23,21,21,22,16
"838",87050,56,2,23,19,20,24,22
"839",87064,62,1,25,20,23,21,21
"840",87094,45,2,26,22,20,26,24
"841",87123,48,2,19,17,19,21,11
"842",87145,46,2,28,15,19,25,16
"843",87167,44,2,24,22,18,23,19
"844",87234,62,2,23,21,25,23,29
"845",87241,67,1,26,16,19,23,17
"846",87293,63,1,21,27,21,18,22
"847",87337,49,1,22,18,19,22,11
"848",87381,65,2,23,22,20,25,13
"849",87440,51,1,24,20,24,17,13
"850",87573,44,2,23,25,17,24,10
"851",87625,65,1,19,21,19,20,19
"852",87669,62,1,21,19,16,18,16
"853",87694,49,1,22,24,21,18,14
"854",87701,65,1,21,21,24,25,16
"855",87812,61,2,25,22,27,22,25
"856",87849,55,2,19,17,25,25,23
"857",87856,56,2,18,20,19,23,15
"858",87878,61,1,26,22,20,19,16
"859",87944,62,1,21,18,17,20,19
"860",87988,55,2,18,28,21,23,15
"861",88025,50,2,26,28,16,29,22
"862",88039,67,2,19,19,13,19,11
"863",88106,56,2,23,22,23,23,12
"864",88179,45,2,27,20,18,20,19
"865",88249,59,1,28,25,17,24,23
"866",88286,55,2,18,23,20,24,12
"867",88344,55,1,21,24,20,18,17
"868",88366,46,2,27,25,20,20,13
"869",88509,52,1,24,18,29,23,22
"870",88597,49,1,24,20,18,21,18
"871",88604,44,2,19,25,22,23,18
"872",88626,47,1,24,26,22,25,9
"873",88662,45,1,27,19,17,25,15
"874",88706,48,2,17,20,19,22,8
"875",88757,47,2,23,21,19,20,21
"876",88860,45,2,23,22,21,21,17
"877",88948,45,1,21,18,18,21,23
"878",89037,53,2,20,21,20,20,22
"879",89073,64,1,21,23,23,21,9
"880",89125,64,2,27,24,18,25,16
"881",89239,55,1,26,20,21,21,20
"882",89470,56,2,21,14,17,23,8
"883",89499,67,2,21,23,17,21,24
"884",89536,45,1,24,18,23,24,28
"885",89543,55,1,24,20,26,22,19
"886",89623,69,1,16,21,22,18,20
"887",89645,58,2,31,21,16,24,22
"888",89689,69,2,19,28,26,25,25
"889",89726,62,2,26,21,22,20,13
"890",89785,49,2,25,27,21,26,17
"891",89814,55,2,18,16,13,20,13
"892",89821,52,2,20,11,10,11,17
"893",89902,57,1,22,16,16,23,24
"894",89941,50,1,28,23,20,24,23
"895",90023,53,2,23,19,19,19,18
"896",90182,65,2,16,23,22,22,18
"897",90227,49,1,24,12,23,23,13
"898",90289,48,2,19,27,18,23,20
"899",90296,68,2,25,20,22,24,16
"900",90303,56,2,22,22,19,24,16
"901",90340,56,1,23,17,22,20,11
"902",90429,58,2,22,19,16,20,8
"903",90451,58,2,19,25,19,22,11
"904",90495,55,1,21,28,20,19,16
"905",90502,59,1,27,21,24,21,16
"906",90635,48,1,21,21,14,27,20
"907",90657,58,2,26,21,23,21,19
"908",90679,59,2,18,21,15,24,24
"909",90701,53,1,28,32,26,30,21
"910",90723,48,2,22,27,20,22,9
"911",90745,48,2,16,22,21,17,8
"912",90752,55,2,22,24,20,23,16
"913",90789,44,2,25,20,16,21,23
"914",90855,65,1,26,21,22,21,14
"915",90935,55,2,18,27,26,30,26
"916",90950,62,1,23,18,16,20,13
"917",91083,61,2,19,22,26,21,26
"918",91105,56,2,26,25,17,22,12
"919",91127,66,2,27,24,19,23,26
"920",91134,62,1,21,18,19,23,25
"921",91207,57,2,18,18,23,22,17
"922",91214,49,2,22,23,18,24,21
"923",91258,45,1,18,11,26,21,24
"924",91302,48,1,25,25,15,24,16
"925",91435,57,2,23,18,17,23,20
"926",91442,63,2,22,28,14,19,23
"927",91478,62,2,19,22,20,21,20
"928",91485,58,2,19,27,20,19,18
"929",91507,63,2,21,22,16,18,16
"930",91552,45,2,29,23,22,25,15
"931",91618,60,2,18,19,21,23,25
"932",91640,63,2,16,25,18,26,14
"933",91743,62,1,23,24,22,22,19
"934",91794,50,2,24,23,16,22,20
"935",91801,59,1,23,22,23,22,16
"936",91845,57,2,13,26,25,22,21
"937",91867,47,2,22,19,15,25,19
"938",91904,64,2,27,26,19,27,9
"939",92017,55,2,32,16,18,21,24
"940",92046,45,1,22,20,16,24,11
"941",92083,46,2,27,24,23,22,19
"942",92112,58,1,19,24,21,24,13
"943",92141,57,2,19,18,20,23,24
"944",92163,50,2,26,20,20,23,19
"945",92170,62,2,22,21,19,20,27
"946",92214,55,2,19,25,20,22,22
"947",92273,69,2,23,19,22,28,14
"948",92360,47,2,24,19,22,23,24
"949",92403,46,1,21,16,15,16,20
"950",92418,68,1,25,19,17,22,10
"951",92507,67,1,20,20,19,20,20
"952",92521,63,1,28,29,26,28,20
"953",92543,60,1,25,23,23,20,26
"954",92579,58,2,19,24,19,25,22
"955",92601,47,2,27,24,23,26,28
"956",92703,47,2,21,23,25,22,17
"957",92732,68,1,20,19,19,21,10
"958",92820,45,2,14,21,19,21,24
"959",92842,45,2,19,20,25,22,22
"960",92882,62,1,18,24,20,22,12
"961",92889,61,1,12,20,23,15,15
"962",92918,57,2,25,21,19,25,7
"963",92970,62,2,20,20,22,21,15
"964",93008,51,1,21,16,22,21,27
"965",93141,51,2,24,20,26,22,12
"966",93178,65,1,22,23,20,25,20
"967",93200,46,1,26,20,16,22,15
"968",93229,45,2,21,17,20,21,18
"969",93250,47,2,22,20,19,24,22
"970",93272,60,2,22,26,17,24,15
"971",93316,58,1,25,18,23,21,13
"972",93338,67,1,22,23,19,20,13
"973",93345,58,2,24,21,21,27,18
"974",93389,68,2,20,20,23,25,23
"975",93436,54,2,25,22,20,21,18
"976",93533,53,2,14,12,26,22,26
"977",93629,52,2,22,17,19,24,8
"978",93712,67,2,20,24,20,24,19
"979",93741,53,1,30,22,18,23,12
"980",93830,55,2,21,24,19,25,13
"981",93867,56,1,26,21,19,25,11
"982",93889,61,2,18,19,21,22,18
"983",93896,52,1,23,26,21,24,18
"984",94000,49,2,25,25,20,20,13
"985",94023,55,1,21,22,17,19,16
"986",94074,56,2,21,25,20,25,12
"987",94674,69,2,23,20,26,23,19
"988",94699,62,2,19,22,18,24,15
"989",94886,60,2,22,21,16,23,20
"990",94959,51,2,22,20,21,23,20
"991",95006,69,1,19,17,19,18,16
"992",95133,67,1,21,22,19,22,14
"993",95214,59,2,17,20,17,17,16
"994",95258,38,2,27,21,16,24,12
"995",95272,64,1,22,20,16,23,23
"996",95477,58,2,26,21,17,25,15
"997",95565,44,1,27,22,24,23,13
"998",95675,52,1,22,24,15,21,18
"999",95715,53,2,25,22,21,23,17
"1000",95744,46,2,23,24,16,27,14
"1001",95751,50,2,21,18,18,13,15
"1002",95758,57,2,18,27,18,19,20
"1003",95831,60,2,26,31,24,25,25
"1004",95845,51,2,26,27,22,22,16
"1005",95867,43,2,24,19,18,24,15
"1006",95874,55,1,29,21,28,22,10
"1007",95911,63,2,19,18,20,25,21
"1008",95918,53,1,15,21,18,22,19
"1009",95970,57,2,26,24,16,24,24
"1010",96084,68,2,19,18,18,26,18
"1011",96131,54,2,24,23,21,18,13
"1012",96160,50,2,25,25,25,21,16
"1013",96204,47,2,25,19,20,20,19
"1014",96226,31,2,17,21,22,17,19
"1015",96323,49,2,22,19,19,20,22
"1016",96330,51,2,27,23,21,23,19
"1017",96521,54,2,25,14,17,25,12
"1018",96568,60,1,22,22,19,25,26
"1019",96582,53,2,22,26,25,23,22
"1020",96693,54,2,23,16,21,24,9
"1021",96715,53,2,20,24,21,20,21
"1022",96787,67,1,20,23,20,22,21
"1023",96831,65,2,23,20,18,22,14
"1024",96853,58,2,27,21,25,25,15
"1025",96985,57,2,23,15,22,18,19
"1026",97044,55,1,23,24,17,23,12
"1027",97153,45,1,23,20,25,16,22
"1028",97190,58,1,25,23,18,26,21
"1029",97293,51,2,24,22,13,22,17
"1030",97330,45,1,22,21,19,21,14
"1031",97352,53,2,22,20,22,24,16
"1032",97375,51,2,23,25,19,25,9
"1033",97389,50,2,25,18,24,27,23
"1034",97513,52,1,25,23,21,22,15
"1035",97535,45,2,23,17,21,18,11
"1036",97557,45,2,16,22,20,20,19
"1037",97579,61,1,26,22,22,26,20
"1038",97645,56,2,28,26,17,25,7
"1039",97682,53,1,25,20,19,22,16
"1040",97882,65,2,21,21,21,24,15
"1041",97999,68,2,21,21,20,21,14
"1042",98156,54,2,20,15,21,24,17
"1043",98230,44,2,15,19,21,20,14
"1044",98281,43,1,20,25,20,24,15
"1045",98303,59,2,22,18,22,24,26
"1046",98355,47,2,25,24,13,19,10
"1047",98443,47,1,22,24,20,24,15
"1048",98468,44,1,29,19,15,17,19
"1049",98518,53,2,20,25,20,23,9
"1050",98547,46,2,21,19,22,20,20
"1051",98591,48,1,28,16,14,20,21
"1052",98598,49,2,18,20,21,23,12
"1053",98657,71,2,23,20,20,23,16
"1054",98693,59,1,18,25,15,17,20
"1055",98737,45,2,22,18,21,22,13
"1056",98774,51,2,14,21,23,25,17
"1057",98810,52,2,25,20,19,23,16
"1058",98832,58,2,22,22,21,26,12
"1059",98979,43,2,22,21,18,25,25
"1060",99001,57,2,17,18,16,21,21
"1061",99022,43,2,25,18,21,26,20
"1062",99132,49,2,22,26,21,28,12
"1063",99254,30,2,24,23,17,26,28
"1064",99283,64,2,18,33,18,26,27
"1065",99342,44,2,18,19,18,21,20
"1066",99401,49,2,20,14,19,22,28
"1067",99490,49,1,28,18,22,24,12
"1068",99519,61,2,22,24,15,17,15
"1069",99563,67,1,25,20,20,23,22
"1070",99637,54,2,28,24,23,24,24
"1071",99703,57,1,21,20,18,21,19
"1072",99736,60,2,24,21,19,24,7
"1073",99811,55,2,22,23,15,25,14
"1074",99863,60,1,21,24,21,25,12
"1075",99885,52,1,26,17,14,20,14
"1076",100005,47,2,25,20,24,25,13
"1077",100086,58,2,19,21,23,21,28
"1078",100108,62,1,18,24,20,24,19
"1079",100197,57,2,24,23,21,18,19
"1080",100204,63,1,18,23,21,23,13
"1081",100218,58,2,21,15,12,21,19
"1082",100225,56,2,28,27,18,23,15
"1083",100247,59,1,21,21,19,24,15
"1084",100268,65,2,21,27,20,28,18
"1085",100282,65,2,26,25,19,22,17
"1086",100289,49,2,24,22,22,23,23
"1087",100333,50,1,28,19,22,27,26
"1088",100392,54,2,20,19,20,25,20
"1089",100420,46,1,24,20,22,21,18
"1090",100559,55,1,22,23,18,22,15
"1091",100581,63,1,24,19,21,14,13
"1092",100648,47,1,26,27,13,23,12
"1093",100655,44,1,18,20,19,21,9
"1094",100736,61,2,21,22,22,19,15
"1095",100765,53,2,20,20,23,21,16
"1096",100790,68,1,27,20,15,19,27
"1097",100859,46,1,27,20,17,26,20
"1098",100888,46,2,19,21,19,21,18
"1099",100910,53,2,23,23,24,20,14
"1100",100932,64,1,26,27,22,24,16
"1101",101012,61,2,26,27,24,22,17
"1102",101019,55,2,24,23,23,28,11
"1103",101093,62,1,22,20,19,22,12
"1104",101197,69,1,18,17,16,20,21
"1105",101219,65,2,26,20,21,22,19
"1106",101426,49,1,24,17,18,22,15
"1107",101639,50,2,22,19,25,28,25
"1108",101646,60,1,26,25,20,23,13
"1109",101804,44,2,24,21,17,21,17
"1110",101841,53,2,18,27,19,25,30
"1111",101885,62,1,22,23,24,22,11
"1112",101929,54,1,19,24,17,21,21
"1113",101988,56,2,25,22,21,24,12
"1114",102039,65,1,16,14,24,23,20
"1115",102061,49,2,14,16,19,17,15
"1116",102106,55,2,21,22,13,24,25
"1117",102135,64,2,23,24,17,21,14
"1118",102142,56,2,29,21,19,24,17
"1119",102163,50,2,25,19,24,21,13
"1120",102266,54,1,24,25,21,23,14
"1121",102332,45,1,23,20,19,23,19
"1122",102406,48,1,22,17,21,19,18
"1123",102435,54,1,21,22,25,20,18
"1124",102442,51,1,24,29,29,20,21
"1125",102486,52,2,27,21,19,19,22
"1126",102493,59,2,22,24,17,19,25
"1127",102543,62,2,28,22,21,28,19
"1128",102638,60,1,24,22,17,24,16
"1129",102670,53,1,25,22,20,17,13
"1130",102699,53,1,26,24,21,25,9
"1131",102721,52,1,22,20,27,24,28
"1132",102743,51,2,19,22,21,21,16
"1133",102768,46,1,23,20,21,21,19
"1134",102775,53,1,19,26,20,25,18
"1135",102910,47,2,27,25,21,23,29
"1136",102969,53,2,19,15,18,28,30
"1137",102998,65,1,25,21,21,27,23
"1138",103005,54,2,26,23,21,21,17
"1139",103056,63,2,23,22,24,24,21
"1140",103078,56,2,25,24,20,18,14
"1141",103085,54,2,21,20,20,19,15
"1142",103107,62,1,25,22,18,20,8
"1143",103151,54,2,23,22,23,22,18
"1144",103158,49,2,19,27,19,21,14
"1145",103253,45,2,29,20,18,22,14
"1146",103290,51,2,21,24,19,19,18
"1147",103349,66,2,20,20,22,21,16
"1148",103378,54,2,26,26,18,24,12
"1149",103415,46,1,20,23,17,20,32
"1150",103605,62,2,20,24,20,21,19
"1151",103641,62,1,23,20,25,26,12
"1152",103692,46,2,25,22,19,29,9
"1153",103736,43,1,24,22,25,22,17
"1154",103868,59,2,24,16,18,21,16
"1155",103956,64,1,24,22,21,19,22
"1156",103978,54,1,19,19,21,24,20
"1157",103985,56,2,27,20,18,23,15
"1158",103999,49,2,22,22,20,20,18
"1159",104021,57,1,19,18,17,18,16
"1160",104043,44,1,21,22,20,22,22
"1161",104102,47,2,18,21,21,23,24
"1162",104131,43,2,23,27,22,29,14
"1163",104160,44,1,15,24,21,20,18
"1164",104167,55,2,23,23,13,22,13
"1165",104263,65,2,21,17,15,23,14
"1166",104314,50,2,24,27,21,24,22
"1167",104342,45,2,22,13,22,26,18
"1168",104364,57,1,23,23,19,25,16
"1169",104482,45,2,23,26,25,26,18
"1170",104526,63,1,23,23,20,24,16
"1171",104633,57,2,24,24,23,22,14
"1172",104640,59,2,23,17,19,22,19
"1173",104710,52,1,20,25,20,19,17
"1174",104720,66,2,21,30,22,25,18
"1175",104771,55,1,28,20,22,23,15
"1176",104801,53,2,17,22,21,23,20
"1177",104926,49,2,25,20,15,20,25
"1178",104995,48,2,26,22,23,23,28
"1179",105017,56,2,27,20,18,22,10
"1180",105039,45,1,25,25,19,26,22
"1181",105142,54,2,20,16,18,21,16
"1182",105149,60,2,25,26,18,30,16
"1183",105223,65,2,26,20,23,26,17
"1184",105318,49,2,20,24,17,21,10
"1185",105362,47,2,31,20,19,19,20
"1186",105391,55,2,13,21,20,21,18
"1187",105552,46,1,25,20,22,21,15
"1188",105589,54,1,21,27,17,19,29
"1189",105596,56,2,20,21,22,21,20
"1190",105713,58,2,26,20,18,24,17
"1191",105720,55,1,19,20,20,19,18
"1192",105949,46,2,22,20,20,24,10
"1193",105956,47,1,23,25,24,24,16
"1194",105978,65,2,17,28,27,25,16
"1195",106014,49,2,21,16,19,24,19
"1196",106021,51,2,19,18,25,26,21
"1197",106028,64,1,23,19,11,24,11
"1198",106065,51,1,17,25,19,23,20
"1199",106153,57,2,25,19,23,27,20
"1200",106160,62,2,19,23,19,20,25
"1201",106181,47,1,24,23,24,20,19
"1202",106226,64,2,21,21,19,22,17
"1203",106269,61,2,27,21,23,22,25
"1204",106291,55,1,22,18,21,18,18
"1205",106394,60,1,26,22,16,18,17
"1206",106467,43,2,22,23,24,21,25
"1207",106481,58,2,20,22,26,21,23
"1208",106510,59,2,25,22,18,20,17
"1209",106584,55,2,23,19,19,23,22
"1210",106694,66,2,20,24,19,26,16
"1211",106701,48,1,19,24,23,23,14
"1212",106723,52,2,23,22,20,19,16
"1213",106782,59,1,19,19,25,21,17
"1214",106874,61,2,13,21,18,26,15
"1215",106888,49,2,28,24,18,25,18
"1216",106970,59,1,19,18,17,20,22
"1217",107036,44,2,17,18,22,20,23
"1218",107083,58,1,23,23,21,26,18
"1219",107105,44,2,23,18,18,23,20
"1220",107152,67,2,23,21,24,19,12
"1221",107174,57,2,24,21,16,23,12
"1222",107231,56,1,24,19,19,26,17
"1223",107253,44,1,19,20,21,21,20
"1224",107282,52,2,19,16,19,24,17
"1225",107304,53,1,20,20,17,21,13
"1226",107401,49,2,16,19,20,24,25
"1227",107482,61,2,27,21,22,22,18
"1228",107537,43,2,28,26,21,25,16
"1229",107574,64,2,21,22,17,21,13
"1230",107606,46,2,21,26,17,25,14
"1231",107628,52,2,20,21,20,23,31
"1232",107694,51,2,29,23,21,27,31
"1233",107701,63,2,28,25,26,28,25
"1234",107730,52,1,23,30,20,24,16
"1235",107785,45,1,24,19,19,26,23
"1236",107829,49,2,28,20,18,22,13
"1237",107851,60,2,28,21,19,26,21
"1238",107880,55,2,19,26,16,23,14
"1239",107902,50,2,24,22,22,20,14
"1240",107909,55,2,24,22,22,23,14
"1241",107964,53,2,21,28,26,23,26
"1242",107986,57,1,27,24,20,29,27
"1243",107993,44,2,20,21,19,25,26
"1244",108083,69,1,21,25,18,25,21
"1245",108105,67,1,24,21,24,20,19
"1246",108112,61,2,14,25,14,24,13
"1247",108289,52,1,29,20,24,22,14
"1248",108326,45,2,25,26,14,21,28
"1249",108348,62,2,29,21,23,23,14
"1250",108370,59,1,24,20,21,28,14
"1251",108406,50,2,20,22,18,19,19
"1252",108428,63,2,22,22,19,22,10
"1253",108590,47,2,20,23,19,19,27
"1254",108686,55,2,26,18,20,23,10
"1255",108715,58,2,22,18,22,20,18
"1256",108722,49,1,18,19,25,21,19
"1257",108751,53,2,24,20,19,21,25
"1258",108773,65,2,22,28,19,24,15
"1259",108780,56,1,19,21,19,22,16
"1260",108833,59,2,21,26,14,23,7
"1261",108855,55,1,28,18,23,23,21
"1262",108862,46,2,19,27,25,24,16
"1263",108988,47,1,21,17,20,20,12
"1264",108995,62,2,20,24,20,24,28
"1265",109082,49,1,20,19,22,23,17
"1266",109177,43,2,28,22,19,20,24
"1267",109199,59,2,21,20,18,22,10
"1268",109229,59,1,25,24,21,27,11
"1269",109369,45,1,27,21,17,23,18
"1270",109486,60,2,26,17,16,20,20
"1271",109515,43,1,25,23,19,22,14
"1272",109537,60,2,23,26,25,17,18
"1273",109559,45,1,26,23,20,29,11
"1274",109641,65,2,19,30,18,25,13
"1275",109648,44,2,18,18,20,24,18
"1276",109714,51,2,23,27,20,24,23
"1277",109721,60,2,23,26,27,31,23
"1278",109728,63,1,18,25,20,26,20
"1279",109881,65,1,20,19,24,22,13
"1280",109941,60,2,23,17,20,22,17
"1281",110209,50,2,13,27,15,23,11
"1282",110275,58,2,23,26,24,27,21
"1283",110296,45,2,22,21,23,22,18
"1284",110340,61,2,11,21,16,28,31
"1285",110398,60,2,20,10,15,22,29
"1286",110479,54,2,23,16,19,24,20
"1287",110530,60,2,21,17,25,20,9
"1288",110588,54,2,18,22,21,25,19
"1289",110639,46,2,22,23,23,24,25
"1290",110661,52,2,24,23,17,24,16
"1291",110668,56,2,17,18,19,19,8
"1292",110749,48,1,19,25,20,23,9
"1293",110814,57,2,21,22,19,21,21
"1294",110998,60,2,25,25,21,24,18
"1295",111094,57,2,25,22,19,19,26
"1296",111190,64,2,20,18,19,24,25
"1297",111197,43,2,25,21,19,22,22
"1298",111367,48,2,21,24,14,23,11
"1299",111736,45,2,26,22,23,20,17
"1300",111924,49,1,23,20,22,20,12
"1301",111946,50,2,24,20,24,22,20
"1302",112341,53,1,18,20,20,21,20
"1303",112380,50,2,16,17,18,23,32
"1304",112402,58,2,17,18,21,23,18
"1305",112547,66,2,25,22,22,22,16
"1306",112576,61,2,21,21,18,22,18
"1307",112681,50,2,29,22,18,18,22
"1308",112764,62,1,31,26,21,21,23
"1309",112803,48,1,22,22,21,22,13
"1310",113107,64,1,27,20,19,22,16
"1311",113182,55,2,19,24,19,22,16
"1312",113221,54,2,21,25,13,23,10
"1313",113311,58,2,21,22,21,22,18
"1314",113336,55,1,22,20,19,21,17
"1315",113407,57,2,23,22,24,23,19
"1316",113604,51,2,27,21,20,24,26
"1317",113703,64,2,27,18,19,25,12
"1318",113790,66,2,22,24,19,20,19
"1319",113819,69,2,27,22,21,22,18
"1320",113901,69,2,23,22,15,25,16
"1321",113943,68,1,21,19,21,22,25
"1322",113950,47,2,24,21,19,22,18
"1323",114028,62,1,26,31,26,28,21
"1324",114087,54,2,20,23,15,22,21
"1325",115605,47,2,25,21,19,20,21
"1326",115613,58,1,22,20,21,24,12
"1327",115650,48,1,25,21,22,22,14
"1328",115672,61,2,25,22,23,23,18
"1329",115759,59,2,23,22,20,24,13
"1330",115853,66,2,23,24,20,26,20
"1331",115860,56,2,24,21,23,26,9
"1332",115882,63,2,19,26,18,21,22
"1333",116054,63,1,22,22,20,22,20
"1334",116076,65,1,23,26,19,25,18
"1335",116083,64,2,23,20,20,24,19
"1336",116198,68,1,19,23,21,22,17
"1337",116245,57,1,18,23,22,20,17
"1338",116356,54,2,28,16,21,27,12
"1339",116378,55,2,24,21,19,22,14
"1340",117543,54,1,21,23,17,22,16
"1341",117724,55,1,25,23,22,17,20
"1342",118086,48,2,19,14,17,18,11
"1343",118124,46,2,25,22,19,20,21
"1344",118232,61,2,22,29,23,23,19
"1345",118260,56,2,25,20,20,20,27
"1346",118358,49,2,14,25,22,22,23
"1347",118365,44,1,23,18,21,21,24
"1348",118412,66,2,19,25,17,26,19
"1349",118419,46,2,31,18,19,18,16
"1350",118426,65,1,23,23,20,25,7
"1351",118462,68,1,15,20,22,17,6
"1352",118520,45,2,23,24,22,23,16
"1353",118593,63,2,18,27,21,26,24
"1354",118809,59,1,23,23,18,23,9
"1355",118816,60,2,29,18,22,23,15
"1356",118879,55,2,24,21,21,25,25
"1357",118886,50,1,27,20,18,17,13
"1358",118913,52,2,26,26,19,24,13
"1359",119203,44,2,28,19,18,23,18
"1360",119245,46,2,28,22,17,20,16
"1361",119292,62,1,21,24,25,19,24
"1362",119369,60,2,21,26,22,18,15
"1363",119433,58,2,25,24,22,23,21
"1364",119688,51,2,22,18,21,24,25
"1365",119787,46,2,21,19,23,18,25
"1366",119830,66,1,20,23,20,23,13
"1367",119905,51,2,24,20,21,23,17
"1368",119934,53,1,23,29,18,23,20
"1369",119956,52,2,23,21,23,21,20
"1370",120079,50,2,19,22,18,20,17
"1371",120102,64,2,21,23,22,20,22
"1372",120140,60,2,21,20,18,17,16
"1373",120353,52,2,22,24,21,22,17
"1374",120427,49,2,24,25,20,24,24
"1375",120534,44,2,28,19,15,24,12
"1376",120557,44,2,24,21,20,23,25
"1377",120601,56,2,23,19,20,18,19
"1378",120624,66,1,25,22,20,29,16
"1379",120717,48,2,17,23,23,22,11
"1380",120777,62,1,24,24,20,18,22
"1381",120902,67,2,22,15,20,22,21
"1382",121002,44,2,18,19,14,23,19
"1383",121046,47,2,18,21,19,22,15
"1384",121166,55,2,26,26,22,22,25
"1385",121173,54,2,21,21,19,21,22
"1386",121322,58,1,22,15,22,25,18
"1387",121367,62,1,26,21,18,24,16
"1388",121374,46,2,19,25,19,24,19
"1389",121381,63,2,22,23,26,26,22
"1390",121404,48,2,21,24,24,26,18
"1391",121460,73,1,21,17,22,21,13
"1392",121623,58,1,20,23,17,23,13
"1393",121645,58,2,20,23,21,20,13
"1394",121715,62,2,21,24,14,24,9
"1395",121759,56,1,26,18,22,22,20
"1396",121820,55,2,20,20,21,24,21
"1397",121870,55,1,26,22,20,25,22
"1398",121899,50,1,15,24,19,24,13
"1399",121907,49,2,24,19,20,22,14
"1400",122078,52,2,27,25,22,24,16
"1401",122174,54,2,23,17,24,20,13
"1402",122266,63,2,23,28,24,21,25
"1403",122364,63,2,26,19,22,25,21
"1404",122478,58,2,24,20,21,25,17
"1405",122506,48,1,24,19,21,23,21
"1406",122530,60,2,26,19,22,25,18
"1407",122563,57,2,23,21,20,21,19
"1408",122656,57,2,20,22,18,22,13
"1409",122694,54,2,22,28,25,22,22
"1410",122718,49,1,23,26,21,18,13
"1411",122741,61,2,28,23,25,23,31
"1412",122785,48,2,23,16,26,23,24
"1413",122837,62,2,20,22,18,22,21
"1414",122906,59,2,20,18,21,21,10
"1415",122935,48,2,26,22,26,21,20
"1416",122958,51,2,17,23,17,26,25
"1417",123018,63,2,20,22,21,17,16
"1418",123025,49,2,22,27,23,21,21
"1419",123077,60,2,26,21,17,16,12
"1420",123084,49,2,26,20,21,24,19
"1421",123157,67,1,19,20,17,19,12
"1422",123164,65,2,17,19,15,20,18
"1423",123208,51,2,22,18,13,23,13
"1424",123277,52,2,25,23,20,25,20
"1425",123284,51,2,21,19,23,21,18
"1426",123306,56,1,18,24,21,20,20
"1427",123365,57,2,23,20,20,26,24
"1428",123408,50,2,29,19,26,20,21
"1429",123460,62,1,19,19,20,21,13
"1430",123507,61,2,20,23,17,23,9
"1431",123529,47,2,23,21,24,24,24
"1432",123603,60,2,22,24,21,19,14
"1433",123729,59,2,25,22,19,23,23
"1434",123736,54,1,15,25,22,21,10
"1435",124029,43,2,25,24,21,21,24
"1436",124117,56,1,26,22,18,19,20
"1437",124184,67,2,29,17,21,23,16
"1438",124213,59,1,24,20,20,22,17
"1439",124273,55,2,25,21,23,22,13
"1440",124280,45,2,25,20,24,31,15
"1441",124287,54,1,19,19,21,23,17
"1442",124360,47,2,22,23,22,23,14
"1443",124426,44,2,23,18,26,23,19
"1444",124433,55,2,22,22,20,22,19
"1445",124451,55,1,26,16,21,21,20
"1446",124458,66,2,12,24,18,28,18
"1447",124568,51,2,21,20,20,22,18
"1448",124575,50,2,26,26,24,21,27
"1449",124651,67,2,24,22,22,20,11
"1450",124658,45,2,19,19,15,26,25
"1451",124744,68,1,22,26,20,22,17
"1452",124766,59,2,22,27,19,19,12
"1453",124826,69,1,21,22,28,26,18
"1454",124885,67,2,21,22,20,21,15
"1455",124894,63,1,28,22,19,25,14
"1456",124954,64,1,17,23,14,22,20
"1457",125037,55,2,25,16,21,25,15
"1458",125133,55,2,22,24,17,26,14
"1459",125213,54,2,21,20,24,19,19
"1460",125220,59,2,19,20,20,21,10
"1461",125242,62,1,24,19,19,21,15
"1462",125316,47,2,20,24,17,24,9
"1463",125323,54,1,24,22,19,20,11
"1464",125382,58,1,20,28,17,26,19
"1465",125412,49,2,22,19,20,22,19
"1466",125479,54,2,23,22,22,23,15
"1467",125678,57,2,22,17,25,27,16
"1468",125707,51,2,23,24,16,26,17
"1469",125714,46,2,25,20,24,23,27
"1470",125721,45,2,17,19,21,25,22
"1471",125928,58,1,24,35,16,21,33
"1472",125937,50,2,21,24,22,24,16
"1473",126013,64,2,23,19,16,22,15
"1474",126020,62,1,23,25,18,22,12
"1475",126086,61,2,26,21,12,19,25
"1476",126182,55,2,12,24,18,24,19
"1477",126212,66,2,23,18,17,23,11
"1478",126264,65,2,22,33,23,23,20
"1479",126271,63,2,25,19,22,24,16
"1480",126278,65,2,19,25,18,19,20
"1481",126315,61,1,16,20,20,17,9
"1482",126382,47,2,20,22,25,18,16
"1483",126419,52,1,21,15,23,20,21
"1484",126847,53,2,20,26,18,24,20
"1485",127010,59,2,27,21,22,21,10
"1486",127032,55,2,26,15,23,25,31
"1487",127039,49,2,25,17,17,21,20
"1488",127106,56,2,23,20,20,23,21
"1489",127135,47,2,25,19,20,25,13
"1490",127248,62,2,23,23,22,20,31
"1491",127323,68,2,22,15,22,19,17
"1492",127430,48,2,20,20,16,12,20
"1493",127470,51,2,27,24,23,23,7
"1494",127588,47,2,25,27,23,23,14
"1495",127595,64,2,25,21,24,20,15
"1496",127748,66,2,16,23,25,22,18
"1497",127819,54,1,20,19,16,21,23
"1498",127950,48,2,28,23,20,24,17
"1499",127958,43,2,26,20,19,28,28
"1500",127995,52,2,24,26,25,24,12
"1501",128039,67,2,25,34,19,25,26
"1502",128111,60,2,20,26,20,16,22
"1503",128165,62,1,25,20,18,28,21
"1504",128211,57,2,18,29,18,23,20
"1505",128286,62,1,27,13,22,19,17
"1506",128293,58,1,23,23,24,21,21
"1507",128315,47,2,23,19,19,22,16
"1508",128337,63,1,21,28,19,22,25
"1509",128530,56,2,26,21,23,23,16
"1510",128578,51,2,19,25,18,25,14
"1511",128716,44,1,21,27,24,19,11
"1512",128767,51,1,25,24,19,22,14
"1513",128789,68,2,20,25,21,23,20
"1514",128826,62,1,22,23,18,24,11
"1515",128858,50,2,22,19,25,19,9
"1516",128941,63,2,12,29,21,20,17
"1517",128948,59,2,23,18,22,19,20
"1518",129011,54,2,20,20,23,21,21
"1519",129073,49,1,25,19,25,23,16
"1520",129113,65,2,18,25,26,23,10
"1521",129127,63,2,19,18,19,21,12
"1522",129156,65,2,24,23,20,24,14
"1523",129181,68,2,14,22,20,21,19
"1524",129273,66,1,25,26,20,22,13
"1525",129321,49,2,26,15,20,19,24
"1526",129388,47,1,24,21,19,26,15
"1527",129450,45,2,25,14,19,21,24
"1528",129648,57,2,14,27,21,22,20
"1529",129655,69,1,26,22,24,22,22
"1530",129737,53,2,27,24,17,24,14
"1531",129784,55,2,21,23,21,24,11
"1532",129934,59,1,25,22,21,16,17
"1533",130157,44,2,19,19,20,22,9
"1534",130214,45,2,25,25,19,24,9
"1535",130278,67,2,29,25,24,25,16
"1536",130285,49,2,19,24,19,31,11
"1537",130343,62,2,22,19,19,19,21
"1538",130379,57,1,23,23,20,26,10
"1539",130551,50,1,25,15,20,20,14
"1540",130602,55,2,22,26,19,22,14
"1541",130721,68,2,16,21,21,28,24
"1542",130851,53,2,22,20,19,24,16
"1543",130880,59,1,26,20,21,21,23
"1544",130927,59,1,23,24,18,22,14
"1545",130934,55,2,25,21,21,24,19
"1546",131104,53,2,26,23,18,26,16
"1547",131188,68,2,28,24,20,24,17
"1548",131393,52,2,19,28,22,24,22
"1549",131535,64,2,23,19,19,21,18
"1550",131549,47,2,23,22,19,21,32
"1551",131643,51,2,24,23,16,25,13
"1552",131689,57,2,22,25,19,23,10
"1553",131718,54,2,21,23,17,21,10
"1554",131743,61,1,20,23,17,24,12
"1555",131750,57,2,24,23,17,20,26
"1556",131859,54,2,26,26,25,24,22
"1557",131866,53,1,25,23,26,24,20
"1558",131946,48,2,23,25,16,22,28
"1559",131968,53,2,29,22,16,22,17
"1560",131975,57,1,19,21,17,23,16
"1561",131982,57,2,24,21,22,20,21
"1562",132041,43,1,25,16,18,22,24
"1563",132233,58,2,25,22,25,23,17
"1564",132255,66,2,24,28,19,24,22
"1565",132340,59,1,26,21,25,25,23
"1566",132439,68,2,21,14,18,26,18
"1567",132461,49,2,24,18,21,19,20
"1568",132503,48,1,28,23,21,23,24
"1569",132554,46,1,23,19,17,19,8
"1570",132561,62,2,24,23,16,24,12
"1571",132601,54,2,20,20,20,23,14
"1572",132722,61,2,24,26,22,21,8
"1573",132901,57,2,21,25,16,29,18
"1574",132939,62,2,18,18,18,20,14
"1575",132953,67,2,19,15,23,26,25
"1576",133021,54,2,26,24,21,24,19
"1577",133258,54,2,25,22,21,24,17
"1578",133324,60,2,18,19,13,25,16
"1579",133334,64,1,23,20,24,23,15
"1580",133378,47,1,28,24,18,25,10
"1581",133407,57,2,23,20,16,18,25
"1582",133436,58,2,24,24,20,24,10
"1583",133473,60,2,26,21,17,28,21
"1584",133495,58,1,28,26,21,20,28
"1585",133532,60,2,24,20,24,20,24
"1586",133555,51,2,19,26,21,17,21
"1587",133562,69,2,25,20,21,20,18
"1588",133588,49,2,26,26,18,23,22
"1589",133602,51,2,25,25,23,23,19
"1590",133667,59,1,26,24,18,23,11
"1591",133674,60,2,22,22,22,23,17
"1592",133702,57,2,22,17,16,26,10
"1593",133716,65,2,18,23,17,22,11
"1594",133730,56,1,23,19,20,19,23
"1595",133737,59,2,22,21,19,21,24
"1596",133744,65,2,25,22,16,24,16
"1597",133758,65,1,20,19,22,24,24
"1598",133786,64,2,16,23,16,21,20
"1599",133793,61,2,25,21,19,24,19
"1600",133874,48,2,27,19,19,19,15
"1601",133928,60,2,18,23,20,19,16
"1602",133964,62,2,17,22,16,23,9
"1603",134038,64,1,25,19,19,19,13
"1604",134077,53,1,20,16,21,23,14
"1605",134084,61,1,19,22,21,17,20
"1606",134123,65,1,21,25,26,21,18
"1607",134160,67,1,21,22,20,24,13
"1608",134224,68,2,22,16,20,22,13
"1609",134296,56,1,26,22,16,21,25
"1610",134318,65,2,24,24,20,20,18
"1611",134368,44,2,24,25,18,20,22
"1612",134410,58,2,22,21,17,22,14
"1613",134426,66,2,21,20,21,23,14
"1614",134448,53,2,20,22,15,24,11
"1615",134470,58,1,27,19,24,21,14
"1616",134575,60,2,16,18,22,25,17
"1617",134658,55,2,23,20,21,25,9
"1618",134687,54,2,27,28,21,25,19
"1619",134694,66,1,23,15,23,18,14
"1620",134793,58,2,23,22,20,24,15
"1621",134885,65,1,18,14,20,14,9
"1622",134892,64,2,17,19,18,23,26
"1623",135022,52,2,21,23,19,22,20
"1624",135044,47,2,28,28,16,22,32
"1625",135051,57,2,24,17,20,20,15
"1626",135083,44,1,20,19,18,18,13
"1627",135090,59,2,26,20,18,22,21
"1628",135142,64,2,25,22,21,22,20
"1629",135246,68,1,27,20,25,25,11
"1630",135275,61,2,23,24,12,21,20
"1631",135312,50,1,27,22,26,21,12
"1632",135322,65,1,18,17,20,23,13
"1633",135381,69,2,23,14,22,23,15
"1634",135410,63,2,19,26,18,19,8
"1635",135544,58,2,20,19,19,20,20
"1636",135660,51,2,23,24,20,27,19
"1637",135727,55,2,24,14,22,25,17
"1638",135782,52,2,25,17,19,21,13
"1639",135848,68,1,28,17,23,22,17
"1640",135922,64,2,28,23,20,24,7
"1641",135929,63,1,21,19,20,22,12
"1642",136065,45,1,21,22,16,21,10
"1643",136087,62,2,16,25,20,24,18
"1644",136286,66,2,24,23,20,22,18
"1645",136397,50,2,26,25,23,22,19
"1646",136404,53,1,12,23,20,22,27
"1647",136503,63,2,26,19,21,23,12
"1648",136570,44,1,25,26,22,21,15
"1649",136632,68,1,19,23,20,22,19
"1650",136654,69,1,28,23,19,23,7
"1651",136679,58,1,23,23,19,21,12
"1652",136741,56,1,18,20,18,22,19
"1653",136766,51,2,24,17,22,18,21
"1654",136831,65,1,21,25,17,20,23
"1655",136853,66,1,29,21,19,20,11
"1656",136945,64,2,20,18,16,20,26
"1657",137053,65,2,25,23,20,22,24
"1658",137080,49,2,23,20,20,25,13
"1659",137145,61,2,22,21,21,21,19
"1660",137197,67,2,28,20,17,24,7
"1661",137338,51,2,21,21,21,23,21
"1662",137345,57,1,22,23,17,24,14
"1663",137374,61,1,21,21,18,24,12
"1664",137489,45,2,22,25,23,22,15
"1665",137533,44,2,22,18,23,23,20
"1666",137604,62,2,17,21,17,15,22
"1667",137706,69,2,26,26,17,20,24
"1668",137801,53,2,25,23,21,24,12
"1669",137830,47,2,22,19,21,22,20
"1670",137899,54,2,28,22,20,23,14
"1671",137927,59,2,23,19,21,21,8
"1672",138032,55,2,15,24,18,18,14
"1673",138057,55,2,18,23,22,22,12
"1674",138142,49,2,21,28,19,19,20
"1675",138216,48,2,22,18,21,18,21
"1676",138263,54,1,24,19,19,23,13
"1677",139144,49,2,22,22,22,27,25
"1678",139166,68,1,27,25,22,21,10
"1679",139246,60,2,26,19,20,21,21
"1680",139306,57,2,24,26,21,23,15
"1681",139328,46,2,21,22,19,27,17
"1682",139350,62,1,26,29,21,22,16
"1683",139363,61,2,28,22,25,27,10
"1684",139428,60,1,20,28,12,23,8
"1685",139495,66,2,25,22,20,27,18
"1686",139560,58,2,27,28,18,22,30
"1687",139628,48,1,24,22,24,28,19
"1688",139756,59,2,19,25,20,22,23
"1689",139804,61,1,27,23,17,24,13
"1690",139855,56,1,21,25,22,21,20
"1691",139895,63,1,22,20,22,20,16
"1692",139956,50,2,21,23,18,22,11
"1693",139963,54,2,21,19,20,19,11
"1694",140106,57,1,18,22,20,22,17
"1695",140113,55,2,24,19,20,19,14
"1696",140190,45,1,20,21,18,20,24
"1697",140216,51,2,23,21,22,21,14
"1698",140260,61,1,11,15,22,23,11
"1699",140271,54,2,23,21,18,22,23
"1700",140337,48,2,23,22,18,26,17
"1701",140366,59,2,18,20,20,20,20
"1702",140453,57,2,23,24,15,17,15
"1703",140482,50,1,24,20,19,24,17
"1704",140489,47,2,25,17,18,22,28
"1705",140511,54,2,27,21,22,20,12
"1706",140543,63,2,23,21,18,21,16
"1707",140590,46,2,23,22,17,20,21
"1708",140619,46,2,16,22,19,19,26
"1709",140656,59,1,28,22,22,21,14
"1710",140678,44,2,24,18,18,24,11
"1711",140700,63,1,21,15,17,15,9
"1712",140777,58,2,21,23,16,20,16
"1713",140799,46,2,22,19,23,20,18
"1714",140828,59,1,23,28,23,24,15
"1715",140978,60,2,27,22,19,19,21
"1716",141022,44,2,17,22,22,20,21
"1717",141061,61,2,27,17,21,26,21
"1718",141123,52,2,16,26,22,23,14
"1719",141130,61,1,17,14,19,19,12
"1720",141137,57,1,21,14,16,20,25
"1721",141181,65,1,18,15,19,18,15
"1722",141240,64,1,22,26,24,22,14
"1723",141284,51,1,24,28,24,24,14
"1724",141291,55,2,13,19,19,19,16
"1725",141350,53,2,21,25,27,22,28
"1726",141379,44,2,17,15,19,22,20
"1727",141485,56,2,24,19,17,22,17
"1728",141507,53,2,25,28,21,24,22
"1729",141544,56,2,18,19,19,20,22
"1730",141580,54,2,25,22,19,20,25
"1731",141605,66,1,17,20,18,19,25
"1732",141656,51,2,17,19,20,23,24
"1733",141663,58,2,23,16,16,21,11
"1734",141670,70,2,25,21,15,20,15
"1735",141692,67,1,28,18,20,20,18
"1736",141699,66,2,11,28,22,24,24
"1737",141842,68,2,26,21,18,26,18
"1738",141849,64,1,21,27,22,23,21
"1739",141893,59,2,24,21,22,23,19
"1740",141955,53,2,19,16,15,16,28
"1741",142094,58,2,21,23,22,24,21
"1742",142123,52,1,26,21,19,23,12
"1743",142224,55,1,15,24,23,19,20
"1744",142246,47,2,19,24,20,24,17
"1745",142383,56,2,25,18,26,21,20
"1746",142405,59,2,21,27,20,19,12
"1747",142515,44,2,23,22,24,23,21
"1748",142584,49,2,18,24,20,23,22
"1749",142592,55,2,27,23,22,21,12
"1750",142636,48,2,23,19,17,17,15
"1751",142768,64,2,23,21,22,20,15
"1752",142904,54,2,22,22,20,18,14
"1753",143121,61,1,14,21,15,22,16
"1754",143175,58,2,19,24,20,24,22
"1755",143265,55,2,29,24,24,23,17
"1756",143272,55,2,22,26,20,26,11
"1757",143340,53,2,23,18,23,22,24
"1758",144280,65,2,30,20,19,24,16
"1759",144355,63,2,22,15,21,19,26
"1760",144362,47,1,25,23,15,23,13
"1761",144369,57,2,23,21,17,21,10
"1762",144394,60,2,25,26,20,25,10
"1763",144571,51,1,20,20,22,19,20
"1764",144613,50,2,22,25,16,19,13
"1765",144672,64,2,15,20,19,18,20
"1766",144735,43,2,18,22,21,28,16
"1767",145210,65,2,29,18,24,24,19
"1768",145461,65,2,17,27,20,27,22
"1769",145584,59,2,22,21,20,19,21
"1770",145650,61,1,23,23,21,27,12
"1771",145664,50,2,21,18,22,22,23
"1772",145671,62,2,21,21,18,21,14
"1773",145715,61,2,22,20,25,20,18
"1774",145722,56,1,31,21,18,24,22
"1775",145729,45,2,29,24,23,23,30
"1776",145736,44,2,19,20,20,21,16
"1777",145881,50,2,23,20,18,17,13
"1778",145980,48,2,18,25,23,14,28
"1779",146052,62,2,22,23,20,23,9
"1780",146289,43,2,27,19,21,23,10
"1781",146390,58,2,23,31,24,24,24
"1782",146397,52,1,25,18,17,25,6
"1783",146411,60,1,17,16,26,23,11
"1784",146694,56,2,24,27,20,22,17
"1785",146737,59,1,26,22,21,23,22
"1786",146782,59,2,19,24,17,23,19
"1787",146935,64,2,24,17,17,22,16
"1788",147066,50,1,23,24,23,27,16
"1789",147080,48,2,32,19,14,19,15
"1790",147131,48,2,29,22,20,24,18
"1791",147138,51,2,23,19,19,27,27
"1792",147175,64,2,21,26,25,23,9
"1793",147189,62,2,26,29,24,23,12
"1794",147217,49,1,22,22,27,24,17
"1795",147224,68,2,23,17,22,21,20
"1796",147238,56,2,23,23,20,24,23
"1797",147293,55,2,26,24,26,22,23
"1798",147315,68,2,22,21,20,26,14
"1799",147406,64,2,24,21,13,25,26
"1800",147444,58,2,26,16,19,23,23
"1801",147547,68,1,20,16,23,20,16
"1802",147571,46,2,20,25,22,23,17
"1803",147687,58,2,23,20,21,23,10
"1804",147743,44,1,23,8,20,24,12
"1805",147765,65,2,23,25,24,21,23
"1806",147787,59,1,21,22,24,24,13
"1807",147978,55,2,25,17,22,24,18
"1808",148208,68,1,21,25,21,23,17
"1809",148344,65,1,23,21,20,25,23
"1810",148403,67,2,22,25,19,21,10
"1811",148481,59,1,18,20,18,19,14
"1812",148658,55,2,24,22,19,21,24
"1813",148713,58,2,22,29,18,25,11
"1814",148738,46,2,25,27,21,25,22
"1815",148798,59,1,25,23,24,24,13
"1816",148938,59,2,19,25,16,19,32
"1817",149000,52,2,24,22,21,20,22
"1818",149028,51,2,23,24,22,22,16
"1819",149050,51,2,26,23,22,24,15
"1820",149079,54,2,27,17,20,21,22
"1821",149172,45,2,19,26,17,21,21
"1822",149198,54,2,22,18,16,27,11
"1823",149335,57,2,25,14,22,24,29
"1824",149440,63,2,21,19,23,19,19
"1825",149464,52,2,29,20,20,24,13
"1826",149542,55,2,19,22,19,25,25
"1827",149549,58,1,27,25,19,23,15
"1828",149587,54,1,22,22,14,23,13
"1829",149735,52,1,23,23,21,20,16
"1830",149760,58,1,22,23,22,22,16
"1831",149805,66,1,21,18,19,17,15
"1832",150274,53,2,22,20,21,21,22
"1833",150372,52,2,24,31,20,22,26
"1834",150379,51,2,26,20,22,24,12
"1835",150438,51,1,26,19,20,26,27
"1836",150493,48,2,26,22,23,20,27
"1837",150548,55,2,26,20,20,22,17
"1838",150611,48,2,18,23,19,23,15
"1839",150649,45,1,23,22,22,22,15
"1840",150659,59,1,22,22,21,23,7
"1841",150700,53,2,15,21,22,27,31
"1842",150872,59,1,20,14,15,21,22
"1843",150907,48,2,26,24,17,27,24
"1844",150938,45,2,23,25,20,23,16
"1845",150986,56,2,25,23,26,23,20
"1846",151001,52,2,18,22,18,23,21
"1847",151058,63,2,27,24,22,24,14
"1848",151273,56,2,25,27,19,25,24
"1849",151367,44,1,22,20,18,20,16
"1850",151426,65,1,21,24,16,17,11
"1851",151470,48,1,18,19,22,21,13
"1852",151523,55,2,20,25,19,24,9
"1853",151674,53,2,20,22,22,19,24
"1854",151702,62,2,19,21,14,23,22
"1855",151724,45,2,25,22,18,19,11
"1856",151752,52,2,19,27,24,23,19
"1857",151773,56,2,27,18,19,24,8
"1858",151795,58,2,21,21,17,20,9
"1859",151809,60,1,19,24,19,16,25
"1860",151872,62,2,28,17,21,25,17
"1861",151888,54,1,18,21,19,22,18
"1862",151895,72,2,20,21,16,20,12
"1863",151902,57,2,19,22,15,24,15
"1864",151923,66,2,20,14,8,15,19
"1865",151965,59,1,27,27,20,24,11
"1866",151979,61,2,23,25,19,22,14
"1867",152007,68,1,22,23,26,26,20
"1868",152027,65,2,12,23,17,23,7
"1869",152030,60,2,25,24,25,19,9
"1870",152045,62,2,26,21,17,19,16
"1871",152072,60,2,24,21,16,16,20
"1872",152078,53,2,21,22,17,23,15
"1873",152108,60,2,23,25,19,24,25
"1874",152275,66,2,19,27,17,23,16
"1875",152289,75,2,24,17,19,24,22
"1876",152310,52,2,22,22,20,25,20
"1877",152317,43,1,19,19,15,23,25
"1878",152500,58,2,23,26,21,20,16
"1879",152522,55,2,19,23,19,21,11
"1880",152588,63,2,20,19,18,23,18
"1881",152609,60,2,24,23,25,22,26
"1882",152697,60,1,20,20,17,20,25
"1883",152704,43,2,21,29,20,20,16
"1884",152726,65,1,16,21,20,24,14
"1885",152881,59,2,24,22,21,23,19
"1886",152937,56,2,14,23,21,18,18
"1887",152966,60,2,26,26,32,22,21
"1888",153023,56,2,17,24,19,23,16
"1889",153075,59,2,19,22,22,21,12
"1890",153104,51,1,24,24,17,21,13
"1891",153170,47,2,25,24,20,25,23
"1892",153199,59,2,26,25,13,24,21
"1893",153265,65,1,26,24,19,23,12
"1894",153287,64,2,25,30,16,28,17
"1895",153975,53,2,22,22,20,22,26
"1896",153977,65,2,16,27,21,28,24
"1897",153978,55,2,22,15,19,22,16
"1898",153992,51,1,28,28,21,25,20
"1899",153993,66,2,23,18,19,23,19
"1900",153998,62,1,28,23,24,19,15
"1901",154060,43,1,24,20,15,24,16
"1902",154067,54,1,22,19,21,26,14
"1903",154081,51,1,26,26,23,28,20
"1904",154095,63,1,26,24,19,24,12
"1905",154102,47,1,24,16,18,21,13
"1906",154109,60,2,10,26,22,26,19
"1907",154304,64,1,28,22,18,27,17
"1908",154436,66,2,20,23,22,26,23
"1909",154494,66,2,28,20,19,21,18
"1910",154542,57,2,20,24,21,24,19
"1911",154631,64,2,21,19,23,21,14
"1912",154738,60,2,18,24,21,22,20
"1913",154760,65,1,18,20,17,22,13
"1914",154767,64,2,19,24,25,19,20
"1915",154825,49,2,28,25,26,24,23
"1916",155068,68,1,23,27,19,26,16
"1917",155075,67,2,28,24,17,23,24
"1918",155113,79,1,23,23,22,24,33
"1919",155185,50,1,21,19,22,17,13
"1920",155243,55,1,24,17,21,23,18
"1921",155309,56,2,19,24,15,21,23
"1922",155323,55,1,27,22,14,17,20
"1923",155360,63,1,22,19,21,21,13
"1924",155436,64,1,22,30,16,23,17
"1925",155446,55,1,21,21,18,17,12
"1926",155733,67,1,22,26,16,26,15
"1927",155813,60,2,19,26,23,24,24
"1928",156060,63,2,22,21,20,25,24
"1929",156106,52,2,21,15,17,22,14
"1930",156213,73,1,18,26,17,23,25
"1931",156275,60,2,24,22,20,15,11
"1932",156362,66,1,21,22,21,26,11
"1933",156369,58,1,23,19,17,21,19
"1934",156401,61,2,24,23,14,24,18
"1935",156535,62,2,25,18,21,26,14
"1936",156542,62,1,21,20,20,24,19
"1937",156549,67,1,24,20,24,19,19
"1938",156578,56,1,27,22,22,24,17
"1939",156600,45,1,22,19,21,21,19
"1940",156632,63,1,23,22,17,21,21
"1941",156710,58,2,22,22,23,19,9
"1942",156717,64,1,27,24,23,23,22
"1943",156738,67,2,16,19,18,22,23
"1944",156752,65,1,18,20,21,23,11
"1945",156822,58,2,26,19,19,25,17
"1946",156971,55,2,20,17,15,16,19
"1947",157081,67,2,24,22,17,21,14
"1948",157178,57,2,9,20,23,23,19
"1949",157322,55,1,27,21,16,21,18
"1950",157501,30,2,20,27,19,25,11
"1951",157538,41,1,18,19,20,22,20
"1952",157545,62,1,24,22,18,24,12
"1953",157552,70,2,24,20,20,21,15
"1954",157717,59,2,21,29,18,26,14
"1955",157724,70,2,28,22,22,27,25
"1956",157768,65,1,18,20,24,24,12
"1957",157782,66,2,23,21,22,21,20
"1958",157811,59,2,23,27,19,22,20
"1959",157884,56,2,24,22,26,25,30
"1960",158008,52,2,21,21,18,23,16
"1961",158082,48,2,22,22,21,20,17
"1962",158141,48,1,16,18,18,20,15
"1963",158170,45,1,23,21,21,20,16
"1964",158192,55,2,23,26,21,23,14
"1965",158332,60,2,24,20,20,21,21
"1966",158402,50,1,20,18,21,24,21
"1967",158409,56,1,28,19,20,23,16
"1968",158478,50,1,21,22,12,25,24
"1969",158499,68,1,23,19,22,22,24
"1970",158521,65,2,18,29,22,25,25
"1971",158568,64,1,25,22,21,23,25
"1972",158575,47,2,19,27,22,20,18
"1973",158597,54,2,20,23,19,20,12
"1974",158604,61,1,20,24,20,25,26
"1975",158678,52,1,23,19,20,16,19
"1976",158835,44,2,20,23,19,25,12
"1977",158857,61,1,25,22,20,20,29
"1978",158957,58,2,21,23,21,24,16
"1979",159217,43,2,20,21,24,17,14
"1980",159253,58,2,27,24,17,25,17
"1981",159288,46,1,24,23,24,29,22
"1982",159316,53,1,26,20,18,23,14
"1983",159337,44,2,25,20,19,21,16
"1984",159351,43,1,23,19,20,22,21
"1985",159373,57,2,25,20,13,25,21
"1986",159523,65,2,21,24,22,24,15
"1987",159537,43,1,23,22,16,23,19
"1988",159565,55,2,23,24,21,23,18
"1989",159622,68,2,26,22,24,21,23
"1990",159681,62,1,24,22,22,21,17
"1991",159747,60,2,20,20,21,19,18
"1992",159849,53,1,26,25,18,26,11
"1993",159879,59,2,26,22,22,24,16
"1994",159901,54,2,23,12,19,18,26
"1995",159930,52,2,26,20,25,22,18
"1996",159940,48,2,14,19,13,21,17
"1997",159962,59,1,26,16,16,22,16
"1998",160076,63,2,19,20,22,27,20
"1999",160127,46,2,24,22,19,24,21
"2000",160134,58,2,24,20,18,24,10
"2001",160218,46,2,26,23,19,19,15
"2002",160351,65,1,25,23,16,23,9
"2003",160388,58,1,25,21,19,21,24
"2004",160567,66,1,19,24,22,22,24
"2005",160621,50,1,28,24,19,23,14
"2006",160628,59,2,21,19,17,23,17
"2007",160774,56,1,26,20,20,20,15
"2008",160910,48,2,27,26,21,23,24
"2009",160993,54,2,25,14,19,23,23
"2010",161000,54,1,19,25,17,22,23
"2011",161022,65,1,22,20,22,24,15
"2012",161074,54,2,25,23,18,21,15
"2013",161081,69,2,20,21,21,21,22
"2014",161125,53,1,23,27,19,24,18
"2015",161176,46,1,25,25,18,17,22
"2016",161294,54,2,20,22,20,21,16
"2017",161439,61,1,29,25,21,20,14
"2018",161461,55,2,14,24,25,25,26
"2019",161537,51,2,21,10,22,24,15
"2020",161688,49,1,27,25,24,25,7
"2021",161798,65,2,23,23,21,24,19
"2022",161812,55,2,20,21,19,22,17
"2023",161949,55,2,27,23,20,24,18
"2024",162044,44,2,26,26,21,24,19
"2025",162128,52,2,19,25,19,22,22
"2026",162145,56,2,22,25,23,22,12
"2027",162155,58,2,27,25,28,21,15
"2028",162162,55,1,25,24,20,23,18
"2029",162304,60,2,27,20,23,20,18
"2030",162437,70,2,24,25,19,26,17
"2031",162521,63,1,23,21,24,21,15
"2032",162573,55,1,24,25,22,23,9
"2033",162595,49,2,27,21,21,24,21
"2034",162729,43,1,17,23,23,21,24
"2035",162766,56,1,25,19,19,26,13
"2036",162841,64,2,19,23,19,26,17
"2037",162866,44,2,25,17,24,22,15
"2038",162888,45,1,22,23,20,24,19
"2039",162978,53,2,27,17,20,26,26
"2040",163022,55,2,21,23,18,22,16
"2041",163073,54,2,26,17,18,21,10
"2042",163117,63,2,25,17,21,23,10
"2043",163169,51,2,25,21,20,27,29
"2044",163254,62,1,19,16,14,19,18
"2045",163261,65,1,26,23,21,23,17
"2046",163271,64,1,14,18,20,16,22
"2047",163356,66,1,21,20,22,23,22
"2048",163410,59,2,19,27,20,24,15
"2049",163432,59,2,26,22,23,21,11
"2050",163462,48,1,24,21,20,23,17
"2051",163479,51,2,11,18,15,22,32
"2052",163648,57,1,20,26,18,18,24
"2053",163710,45,2,26,17,15,24,21
"2054",163747,67,1,24,24,15,20,23
"2055",163883,59,2,20,20,21,20,19
"2056",163992,60,2,13,27,20,24,27
"2057",164094,44,2,23,22,22,26,23
"2058",164159,55,2,20,21,17,23,15
"2059",164214,62,2,28,23,25,20,24
"2060",164353,51,1,23,22,20,22,23
"2061",164367,58,1,26,26,23,14,20
"2062",164393,64,2,20,19,25,21,5
"2063",164481,43,2,22,22,21,23,17
"2064",164503,54,2,19,27,22,21,18
"2065",164541,50,2,28,18,25,20,24
"2066",164677,64,2,18,22,18,24,13
"2067",164710,50,2,21,20,23,27,24
"2068",164823,45,2,22,26,18,20,18
"2069",164846,57,2,24,22,25,22,10
"2070",164906,67,1,20,26,22,24,7
"2071",164963,49,1,24,22,20,21,14
"2072",164976,64,2,24,21,24,19,14
"2073",165027,55,2,20,21,22,25,20
"2074",165094,55,2,20,12,13,20,29
"2075",165168,50,2,26,16,19,21,23
"2076",165252,48,2,19,26,21,24,19
"2077",165259,60,2,22,21,24,22,22
"2078",165294,63,1,17,25,20,26,11
"2079",165301,45,2,26,18,21,19,16
"2080",165450,59,2,29,19,21,28,27
"2081",165472,58,2,21,23,24,29,16
"2082",165537,58,2,21,23,18,24,9
"2083",165627,55,2,25,20,18,23,21
"2084",165851,30,2,19,28,13,28,15
"2085",166082,53,2,23,19,23,22,14
"2086",166125,54,2,20,25,24,22,19
"2087",166505,60,1,30,23,16,24,19
"2088",166702,67,2,26,26,22,21,15
"2089",166709,63,1,22,20,24,20,18
"2090",166734,66,1,21,23,21,22,13
"2091",166789,61,2,23,20,20,23,10
"2092",166811,53,2,21,19,20,25,13
"2093",166870,59,2,19,19,20,18,15
"2094",167505,65,2,14,23,26,17,17
"2095",167606,51,2,26,17,21,22,18
"2096",167643,60,2,28,25,23,24,21
"2097",167690,43,1,20,18,19,19,19
"2098",167735,66,2,25,22,22,26,22
"2099",167865,56,2,29,21,20,24,20
"2100",167879,61,2,24,15,19,24,13
"2101",167967,66,2,3,19,3,21,6
"2102",167981,51,2,25,24,20,25,25
"2103",168168,57,2,26,23,18,22,17
"2104",168190,65,2,24,24,21,24,19
"2105",168341,43,2,21,19,15,19,16
"2106",168362,55,2,20,24,18,25,22
"2107",168515,59,1,25,23,21,27,16
"2108",168572,43,1,25,22,25,23,14
"2109",168624,60,1,26,24,14,18,23
"2110",168631,55,1,25,22,18,23,17
"2111",168638,48,1,18,23,25,22,16
"2112",168660,51,2,20,24,19,22,16
"2113",168667,51,2,20,22,26,20,29
"2114",168714,55,1,15,23,13,18,22
"2115",168751,57,1,24,22,18,22,18
"2116",168809,48,1,22,21,18,25,21
"2117",168876,55,1,28,23,18,21,23
"2118",168942,51,2,21,20,18,23,26
"2119",169074,57,2,20,17,24,22,21
"2120",169124,46,1,21,26,17,25,11
"2121",169222,56,2,18,21,16,22,8
"2122",169288,58,2,17,13,23,19,17
"2123",169415,54,1,23,20,20,22,10
"2124",169479,63,2,25,23,20,19,15
"2125",169516,57,2,22,19,17,21,13
"2126",169538,60,2,20,24,22,23,21
"2127",169567,50,2,25,20,21,25,15
"2128",169589,65,1,21,21,11,23,10
"2129",169640,47,1,25,21,23,24,25
"2130",169776,61,2,19,21,19,19,14
"2131",169783,60,2,16,23,28,21,9
"2132",169805,43,2,25,29,19,17,14
"2133",169856,69,2,24,22,19,19,19
"2134",169881,47,2,15,23,17,25,18
"2135",169971,67,2,22,22,21,20,23
"2136",169993,48,2,25,23,19,19,21
"2137",170052,57,2,25,19,18,22,14
"2138",170077,44,2,22,23,15,25,20
"2139",170117,50,2,24,23,20,19,12
"2140",170124,53,2,26,24,17,24,13
"2141",170165,50,2,23,24,22,20,21
"2142",170239,59,2,26,23,20,22,12
"2143",170308,56,1,20,22,27,19,18
"2144",170330,57,2,18,21,20,21,18
"2145",170452,54,2,27,21,24,20,25
"2146",170474,60,2,19,23,15,24,16
"2147",170496,47,2,28,20,25,25,20
"2148",172361,45,2,24,22,27,22,13
"2149",172563,43,2,24,22,21,24,16
"2150",172803,46,2,24,21,19,22,22
"2151",173028,61,2,19,21,20,20,11
"2152",173080,45,2,21,17,18,16,26
"2153",173161,66,2,18,26,22,22,24
"2154",173300,58,2,24,22,17,21,18
"2155",173450,46,2,29,23,21,26,27
"2156",173739,47,2,26,20,20,26,24
"2157",173915,49,2,28,21,23,23,18
"2158",173997,45,2,23,20,18,26,15
"2159",174050,53,2,24,18,23,21,10
"2160",174155,54,1,25,20,21,24,14
"2161",174166,51,2,19,20,17,20,22
"2162",174197,30,1,26,27,28,26,7
"2163",174219,68,1,20,23,20,17,18
"2164",174256,68,2,18,16,16,24,15
"2165",174328,55,2,28,23,22,24,16
"2166",174538,43,1,19,17,19,25,18
"2167",174608,61,2,26,19,18,19,18
"2168",174652,43,2,15,28,26,23,29
"2169",174707,47,1,28,23,27,24,27
"2170",174740,51,2,19,21,20,22,23
"2171",174951,54,2,20,20,22,26,19
"2172",175031,53,2,22,18,18,21,10
"2173",175074,46,2,22,21,23,25,18
"2174",175100,44,2,27,27,16,24,11
"2175",175320,49,2,29,20,23,24,13
"2176",175370,46,2,21,26,20,24,21
"2177",175457,59,2,27,19,21,22,12
"2178",175525,52,1,26,27,21,25,24
"2179",175578,46,1,22,21,20,21,24
"2180",175899,54,2,27,20,16,25,10
"2181",175926,45,2,11,24,19,23,23
"2182",176074,44,2,22,21,18,26,10
"2183",176228,60,1,20,24,23,22,21
"2184",176262,56,1,23,26,20,24,19
"2185",176308,44,2,25,23,20,22,18
"2186",176362,64,1,26,24,23,22,12
"2187",176408,43,2,26,25,22,24,26
"2188",176428,56,2,21,24,15,26,20
"2189",176470,64,2,26,16,20,20,15
"2190",176531,58,1,21,15,14,26,10
"2191",176674,53,1,23,24,23,19,14
"2192",176685,44,2,25,24,15,22,13
"2193",176729,52,2,28,22,21,21,10
"2194",176757,67,2,20,22,16,25,14
"2195",176899,63,2,24,18,23,21,16
"2196",176985,45,1,15,23,20,21,16
"2197",177011,53,2,14,12,20,25,33
"2198",177078,43,2,25,24,20,24,20
"2199",177103,56,2,22,18,18,14,14
"2200",177139,51,1,22,25,21,19,11
"2201",177242,53,2,24,23,21,26,19
"2202",177305,49,2,20,22,17,20,11
"2203",177382,48,2,17,19,20,25,11
"2204",177564,61,1,21,22,16,22,17
"2205",177701,51,1,23,17,22,18,16
"2206",177734,52,2,22,16,18,24,15
"2207",177758,50,2,21,18,21,21,13
"2208",177780,61,1,25,28,17,24,24
"2209",177803,64,2,21,22,18,20,11
"2210",177857,43,2,23,21,18,23,15
"2211",177879,57,2,23,29,18,23,16
"2212",177912,64,1,21,23,19,25,9
"2213",177982,50,2,20,20,25,25,16
"2214",178004,66,2,21,25,26,26,15
"2215",178092,53,2,24,19,20,21,14
"2216",178242,63,1,26,18,18,24,17
"2217",178291,51,2,23,20,19,25,20
"2218",178335,65,1,21,21,18,26,21
"2219",178385,62,2,24,20,21,19,12
"2220",178468,55,2,18,20,23,23,21
"2221",178573,56,2,21,20,21,16,14
"2222",178706,66,2,27,24,20,21,8
"2223",178776,57,2,22,23,21,21,23
"2224",178801,53,2,21,23,19,22,19
"2225",178808,45,2,25,23,22,24,20
"2226",178957,64,2,23,27,15,20,19
"2227",179106,51,2,30,17,19,27,14
"2228",179153,63,2,20,19,20,21,19
"2229",179160,65,1,22,21,21,21,18
"2230",179235,50,2,26,24,23,25,13
"2231",179415,60,2,28,28,18,21,16
"2232",179422,64,1,21,27,19,26,18
"2233",179444,66,2,17,21,23,19,5
"2234",179526,58,2,17,27,21,24,16
"2235",179548,58,1,29,20,23,20,25
"2236",179571,57,2,11,26,16,26,25
"2237",179602,58,2,23,20,19,22,18
"2238",179672,66,2,19,26,23,24,18
"2239",179717,57,2,26,18,19,20,22
"2240",179744,65,2,18,16,18,25,13
"2241",179770,53,2,24,23,23,21,23
"2242",179792,60,2,26,26,21,25,10
"2243",179928,46,1,24,18,20,18,26
"2244",180263,52,2,21,22,19,23,18
"2245",180426,54,2,23,20,16,27,24
"2246",180500,49,2,21,25,19,20,24
"2247",180701,65,1,22,23,21,21,18
"2248",180824,64,1,21,26,18,29,12
"2249",180831,59,2,24,21,17,26,23
"2250",180924,59,2,27,23,25,20,16
"2251",181106,64,2,24,24,18,26,17
"2252",181180,54,2,22,22,17,23,11
"2253",181214,53,2,24,24,19,30,9
"2254",181375,43,2,24,24,20,21,21
"2255",181424,51,2,29,25,20,25,25
"2256",181440,56,2,24,24,22,20,26
"2257",181522,56,2,24,21,23,23,22
"2258",181544,60,2,24,20,19,22,20
"2259",181636,50,1,22,21,22,18,14
"2260",181660,64,1,23,22,22,23,8
"2261",181686,46,2,22,23,20,18,13
"2262",181717,64,1,23,22,18,23,14
"2263",181776,55,2,20,18,17,20,20
"2264",181802,57,1,24,25,21,15,20
"2265",181837,43,1,24,20,19,23,16
"2266",181869,58,2,20,24,15,23,20
"2267",181912,68,2,28,25,23,24,13
"2268",181991,51,1,28,24,14,24,12
"2269",182009,37,1,25,19,21,20,9
"2270",182053,57,1,28,21,16,23,19
"2271",182102,60,2,18,20,23,20,9
"2272",182194,52,1,15,28,24,20,24
"2273",182345,46,2,25,21,18,26,23
"2274",182353,56,1,20,26,21,22,17
"2275",182531,49,1,24,17,24,24,20
"2276",183074,56,1,24,24,17,23,24
"2277",183158,43,2,25,20,23,20,14
"2278",183165,44,2,19,26,21,24,27
"2279",183251,66,2,34,22,25,23,11
"2280",183279,70,1,22,22,16,19,16
"2281",183305,70,2,26,23,18,24,19
"2282",183382,43,1,29,25,17,24,16
"2283",184310,64,1,25,26,24,24,11
"2284",184385,48,1,25,26,22,26,12
"2285",184406,49,2,25,20,18,20,18
"2286",184441,62,2,20,24,16,24,8
"2287",184463,53,2,28,17,20,21,15
"2288",184477,54,2,19,27,21,26,9
"2289",184512,63,2,24,13,24,23,17
"2290",184678,60,2,30,30,23,23,16
"2291",185159,61,2,23,28,21,24,15
"2292",185181,46,2,28,23,25,20,12
"2293",185225,63,1,23,22,17,22,16
"2294",185358,49,2,20,21,28,21,32
"2295",185616,63,1,26,23,19,19,21
"2296",185780,60,2,17,24,16,28,20
"2297",185857,60,1,19,26,21,29,23
"2298",185924,67,1,19,19,18,22,17
"2299",185961,42,1,23,23,23,18,12
"2300",186001,51,2,25,23,21,24,18
"2301",186121,54,2,23,23,24,20,5
"2302",186223,65,1,20,25,20,22,20
"2303",186355,45,2,32,23,18,19,21
"2304",186392,49,2,17,22,17,20,20
"2305",186429,59,2,23,20,20,15,12
"2306",186458,69,1,22,26,17,19,25
"2307",186559,67,2,22,22,19,24,13
"2308",186588,68,2,29,25,20,21,26
"2309",186660,62,1,25,17,20,20,16
"2310",186777,60,2,20,19,14,23,16
"2311",186903,51,2,26,23,21,27,14
"2312",186925,65,2,22,18,18,21,7
"2313",186939,50,2,24,29,18,25,16
"2314",187064,63,2,18,23,15,25,22
"2315",187086,63,1,21,23,22,20,19
"2316",187123,45,2,23,23,21,24,19
"2317",187197,64,1,22,23,20,24,15
"2318",187415,55,2,27,21,19,24,11
"2319",187539,67,2,23,21,21,21,11
"2320",187561,45,1,21,23,24,25,10
"2321",187583,57,1,25,23,23,22,12
"2322",187619,67,2,19,24,19,20,20
"2323",187655,62,1,26,20,17,19,11
"2324",187662,56,2,18,25,19,24,26
"2325",187885,65,2,31,20,18,24,20
"2326",188052,58,1,24,23,21,21,20
"2327",188174,63,2,26,22,17,26,9
"2328",188218,49,2,18,25,20,25,15
"2329",188270,58,2,19,15,16,20,14
"2330",188307,60,2,26,22,17,26,18
"2331",188344,54,2,24,23,22,23,17
"2332",188376,68,1,20,21,18,21,11
"2333",188611,55,1,23,15,25,19,17
"2334",188737,61,2,18,26,17,24,25
"2335",188744,68,2,27,23,28,22,13
"2336",188806,53,2,24,24,16,19,16
"2337",188852,67,2,28,19,19,28,16
"2338",188874,62,1,25,16,13,20,9
"2339",188984,50,1,28,24,19,25,10
"2340",189098,56,2,17,20,16,23,24
"2341",189230,48,1,26,28,25,28,9
"2342",189313,64,1,23,23,18,20,16
"2343",189342,65,2,23,19,22,23,22
"2344",189349,66,1,24,25,20,22,21
"2345",189389,53,2,21,19,19,27,20
"2346",189444,49,2,22,25,25,25,17
"2347",189563,63,2,26,23,24,23,19
"2348",189619,47,2,19,24,21,18,25
"2349",189753,51,1,28,22,21,23,6
"2350",189781,69,2,23,25,22,24,11
"2351",189904,55,2,18,24,19,26,19
"2352",189982,64,1,13,20,20,18,26
"2353",190004,47,2,10,16,18,19,19
"2354",190369,50,2,16,24,18,23,16
"2355",190629,63,1,24,24,27,19,19
"2356",190711,68,2,22,21,18,26,11
"2357",190755,64,2,27,17,15,19,19
"2358",191121,48,2,29,20,15,16,16
"2359",191816,60,2,29,22,26,21,17
"2360",191841,64,2,24,21,23,20,16
"2361",191865,42,2,23,17,24,27,13
"2362",191981,54,2,27,23,21,21,14
"2363",192042,46,1,19,23,19,19,17
"2364",192087,69,2,18,29,26,22,13
"2365",192167,61,2,23,19,18,27,21
"2366",192217,51,2,20,22,23,24,21
"2367",192351,47,2,27,22,22,24,12
"2368",192395,47,1,30,30,19,23,23
"2369",192517,59,2,23,22,19,23,23
"2370",192586,60,2,21,21,16,23,11
"2371",192632,44,2,24,17,18,22,25
"2372",192877,54,2,20,25,17,22,22
"2373",192935,63,2,20,16,15,22,25
"2374",192964,52,2,17,19,23,19,22
"2375",192971,43,2,28,25,27,24,17
"2376",193103,66,2,19,19,24,30,15
"2377",193256,42,2,27,19,21,20,19
"2378",193278,64,2,27,23,19,26,15
"2379",193300,67,2,26,20,17,19,25
"2380",193336,54,2,27,27,23,26,15
"2381",193365,50,2,17,13,22,21,18
"2382",193416,58,2,21,25,16,22,28
"2383",193438,50,2,25,21,20,24,20
"2384",193475,53,2,22,22,25,18,11
"2385",193511,45,2,29,22,18,23,17
"2386",193737,55,1,19,18,20,22,14
"2387",193854,52,2,24,22,22,21,16
"2388",193912,48,2,31,20,19,19,14
"2389",193955,49,2,20,23,16,22,28
"2390",193992,48,2,28,27,19,23,17
"2391",194021,51,2,21,28,18,28,12
"2392",194072,61,2,21,21,23,23,16
"2393",194094,42,1,25,24,20,22,19
"2394",194145,56,2,22,27,19,23,13
"2395",194189,58,2,27,22,22,23,15
"2396",194291,54,2,21,16,20,23,17
"2397",194313,58,2,24,16,18,22,16
"2398",194349,51,2,20,17,18,20,29
"2399",194378,48,2,26,21,13,25,24
"2400",194517,56,2,27,22,20,25,9
"2401",194656,45,2,27,20,22,24,26
"2402",194677,50,2,22,21,23,24,14
"2403",194758,59,2,19,24,14,24,27
"2404",194851,52,2,22,24,16,24,22
"2405",194945,50,2,23,24,20,19,22
"2406",194967,50,2,25,23,24,21,23
"2407",194996,30,2,19,19,18,15,18
"2408",195010,55,2,30,24,13,19,26
"2409",195017,56,2,27,24,14,20,23
"2410",195391,63,2,22,24,18,22,8
"2411",195530,59,2,22,23,23,27,19
"2412",195582,68,2,21,14,18,27,28
"2413",195589,59,2,24,17,23,21,17
"2414",195618,54,1,15,26,17,22,22
"2415",195692,54,2,24,20,16,23,22
"2416",195772,52,2,28,26,17,24,20
"2417",195846,58,1,22,21,23,22,16
"2418",195890,49,2,22,23,18,19,14
"2419",195964,62,1,24,20,21,22,16
"2420",196060,44,2,26,25,21,18,21
"2421",196082,54,2,21,20,18,29,19
"2422",196104,38,2,27,24,21,25,10
"2423",196111,50,2,25,25,16,22,13
"2424",196118,45,2,24,20,24,24,15
"2425",196140,64,2,22,16,17,22,19
"2426",196169,56,1,19,24,23,22,13
"2427",196272,62,2,26,20,19,24,11
"2428",196353,46,2,28,26,23,20,24
"2429",196549,57,2,27,23,21,25,7
"2430",196710,51,2,27,32,24,22,27
"2431",196790,62,2,25,22,23,23,14
"2432",196929,60,2,26,20,22,21,20
"2433",197013,53,2,22,19,17,21,14
"2434",197038,42,2,20,15,20,23,20
"2435",197256,55,2,22,21,19,23,20
"2436",197806,55,2,27,26,22,22,18
"2437",197927,43,2,22,24,15,17,27
"2438",197975,58,1,30,16,18,26,11
"2439",198127,59,1,25,21,20,20,12
"2440",198238,55,2,23,24,21,25,12
"2441",198245,56,2,23,21,22,24,20
"2442",198317,49,2,22,24,16,21,13
"2443",198428,63,2,21,24,23,27,28
"2444",198450,45,2,16,26,19,25,15
"2445",198525,43,1,25,16,20,22,21
"2446",198641,65,1,21,22,18,25,22
"2447",198699,58,1,33,25,18,22,11
"2448",198813,48,2,14,26,15,20,22
"2449",198857,60,1,24,21,22,22,26
"2450",199021,65,2,28,28,21,23,20
"2451",199178,67,1,19,19,21,21,5
"2452",199212,43,2,32,18,11,18,15
"2453",199239,58,2,24,23,26,21,17
"2454",199276,57,2,17,25,15,19,19
"2455",199353,62,1,24,16,19,21,20
"2456",199578,64,2,19,21,15,22,21
"2457",199600,43,2,21,22,18,18,20
"2458",199673,50,2,18,19,21,26,14
"2459",200548,57,2,23,18,24,25,20
"2460",200608,56,1,19,21,19,25,16
"2461",200670,63,2,18,17,17,15,9
"2462",200740,62,1,27,22,23,23,31
"2463",200815,42,1,18,20,17,23,29
"2464",200886,53,1,26,26,16,25,16
"2465",200925,47,2,29,12,16,22,26
"2466",200973,46,2,20,22,20,24,24
"2467",200998,63,1,22,20,22,21,24
"2468",201035,51,2,24,25,17,24,15
"2469",201243,50,2,30,17,15,25,21
"2470",201313,67,1,21,23,18,24,7
"2471",201360,52,2,26,19,17,22,15
"2472",201539,45,2,22,19,20,22,18
"2473",201585,59,2,22,21,16,22,17
"2474",201792,58,1,24,23,24,22,16
"2475",201815,57,1,28,22,18,23,17
"2476",201838,61,1,16,24,21,24,11
"2477",202112,54,2,20,18,19,13,14
"2478",202200,53,2,23,21,9,18,15
"2479",202267,61,2,21,19,21,22,29
"2480",202403,49,1,19,25,18,26,11
"2481",202437,43,2,26,21,17,22,14
"2482",202473,63,2,17,29,23,22,22
"2483",202539,63,1,22,24,19,21,12
"2484",202561,52,2,20,25,19,22,20
"2485",202879,54,2,26,22,24,26,23
"2486",202980,53,2,17,23,20,22,16
"2487",203143,51,2,26,22,15,23,21
"2488",203277,45,1,27,26,20,21,21
"2489",203371,59,1,21,20,19,23,17
"2490",203402,34,2,24,23,16,21,13
"2491",203446,51,2,21,13,22,15,9
"2492",203497,49,2,22,23,21,18,27
"2493",203562,56,1,24,26,22,25,25
"2494",203669,55,1,24,20,23,20,24
"2495",203676,54,1,17,24,19,20,19
"2496",203765,60,1,11,25,19,20,24
"2497",204117,65,2,26,19,25,21,11
"2498",204185,56,2,17,24,19,24,16
"2499",204234,66,2,29,23,22,24,16
"2500",204326,51,1,22,26,20,26,15
"2501",204857,58,2,16,18,22,22,15
"2502",205033,50,2,22,23,16,19,8
"2503",205205,51,2,20,17,20,20,22
"2504",205266,64,2,19,22,18,24,11
"2505",205599,53,1,21,21,25,19,22
"2506",205674,64,2,18,21,14,19,22
"2507",205820,47,2,21,22,18,24,25
"2508",205932,55,2,24,25,22,29,17
"2509",205939,46,2,26,22,20,27,30
"2510",205961,48,2,30,25,16,27,13
"2511",206029,48,1,29,16,20,26,22
"2512",206051,61,2,24,26,24,23,10
"2513",206114,53,1,20,18,24,21,13
"2514",206296,42,2,22,21,21,24,23
"2515",206365,51,2,27,23,17,27,18
"2516",206437,43,2,21,25,22,25,25
"2517",206559,63,1,25,21,21,20,20
"2518",206672,61,1,24,27,22,23,10
"2519",206679,57,2,19,23,22,23,10
"2520",206807,59,1,28,21,21,22,11
"2521",206829,47,2,23,20,17,22,23
"2522",206874,54,1,25,25,21,25,15
"2523",206896,50,2,23,27,20,20,17
"2524",206947,45,1,24,23,25,24,15
"2525",207048,30,1,27,20,23,20,19
"2526",207062,50,2,26,23,24,25,19
"2527",207069,30,2,28,19,15,23,24
"2528",207083,58,2,24,22,20,25,27
"2529",207090,50,2,24,23,19,23,14
"2530",207133,59,2,20,19,19,22,20
"2531",207205,61,1,21,21,22,18,26
"2532",207335,42,1,27,24,22,24,14
"2533",207436,62,2,22,19,16,24,22
"2534",207494,55,1,22,18,19,27,24
"2535",207538,30,2,20,24,21,21,22
"2536",207545,65,2,14,28,25,26,19
"2537",207552,63,2,24,22,22,23,11
"2538",207589,62,1,23,23,18,24,18
"2539",207706,63,2,26,25,20,24,14
"2540",207753,58,2,21,24,22,20,7
"2541",207767,47,2,18,24,24,23,17
"2542",207903,67,1,27,28,19,23,9
"2543",208000,54,2,26,23,24,23,19
"2544",208022,55,2,21,22,18,23,14
"2545",208059,30,2,25,15,22,22,22
"2546",208096,59,1,25,24,19,24,12
"2547",208151,62,2,26,24,20,17,29
"2548",208173,56,2,20,25,23,25,14
"2549",208194,46,2,25,23,20,23,15
"2550",208247,66,2,16,25,21,23,15
"2551",208393,51,1,21,17,23,21,17
"2552",208437,45,1,24,17,18,23,14
"2553",208518,65,2,22,26,17,18,16
"2554",208587,66,1,17,22,22,19,20
"2555",208612,54,1,29,20,21,23,23
"2556",208619,57,2,23,19,15,22,20
"2557",208678,60,2,25,20,26,20,21
"2558",208872,53,1,22,21,19,19,22
"2559",208923,43,2,21,20,18,24,18
"2560",208974,41,1,25,15,22,18,23
"2561",209025,53,2,24,21,19,15,16
"2562",209047,52,2,23,28,17,21,26
"2563",209120,56,2,18,21,20,16,10
"2564",209152,65,2,17,26,16,21,17
"2565",209160,58,1,27,19,21,22,22
"2566",209182,54,2,24,22,19,20,18
"2567",209189,57,2,29,21,21,25,23
"2568",209233,52,2,26,22,22,24,22
"2569",209255,55,2,20,23,19,24,25
"2570",209371,67,1,27,25,20,19,9
"2571",209466,60,1,18,25,22,25,14
"2572",209736,55,2,24,28,19,22,18
"2573",209774,47,1,18,23,22,23,24
"2574",209803,47,1,23,28,25,24,19
"2575",209978,64,2,28,17,25,19,26
"2576",210004,59,1,17,21,21,22,19
"2577",210026,68,2,26,22,23,23,16
"2578",210113,57,2,16,31,21,21,19
"2579",210135,54,2,24,20,21,22,12
"2580",210250,50,2,27,21,20,25,13
"2581",210294,41,2,21,26,20,23,15
